image_id,score2,score3,score4,score5,score6,score7,score8,score9,score10,score11
138925,1,11,19,37,87,77,42,18,1,0
50996,6,10,26,52,51,25,18,4,2,5
630077,0,2,4,13,46,77,57,45,21,10
612434,1,3,6,29,58,41,23,12,9,0
593854,1,0,8,36,46,20,9,0,1,1
381445,0,1,5,23,41,59,41,24,9,10
877064,1,4,8,23,46,50,15,17,6,2
339746,0,4,14,65,70,18,7,1,0,0
919122,5,7,23,43,65,42,10,3,2,0
14812,35,41,41,38,19,6,4,1,1,2
154950,1,7,29,65,78,31,4,2,0,1
418052,0,2,5,33,73,50,25,6,4,0
577024,2,1,1,11,36,65,29,15,2,4
1574,2,7,19,30,39,37,28,22,6,3
550497,0,1,4,11,41,64,46,12,7,4
693308,1,3,11,35,61,32,7,1,2,0
431722,1,12,18,68,55,21,7,0,0,2
615559,3,6,11,78,84,57,18,8,2,0
325386,3,4,16,36,73,71,41,17,9,4
205550,3,4,25,67,104,42,19,9,0,0
944321,0,0,1,4,42,53,25,19,4,0
540272,0,0,2,22,50,31,8,0,3,0
274937,0,1,4,32,89,83,40,19,11,3
750254,2,5,6,19,56,45,20,8,2,1
885718,0,0,2,4,10,26,42,40,11,8
176383,5,9,20,69,96,64,15,5,3,1
432738,3,7,24,81,96,49,29,12,3,4
818792,0,0,4,11,27,51,46,16,7,1
623559,1,10,21,54,63,21,12,4,0,2
120151,3,4,43,89,108,44,19,8,3,2
908064,1,2,5,30,62,61,25,11,3,0
191210,6,23,31,75,73,33,15,3,3,3
125530,2,4,16,47,95,61,30,19,2,3
872371,1,0,11,35,67,36,7,3,0,0
176450,0,0,3,4,50,59,49,42,22,18
280494,0,1,15,18,67,59,36,18,7,3
714239,1,0,4,6,53,57,25,9,2,1
298874,2,1,17,42,71,81,50,22,5,6
83953,0,2,9,28,62,61,30,6,5,2
944022,0,2,14,49,51,26,2,0,1,0
50152,0,2,7,10,38,37,60,44,24,23
25422,1,3,4,13,45,33,17,6,0,3
52459,1,0,2,9,35,46,36,27,12,9
720814,0,0,4,15,50,50,15,9,3,2
518815,0,0,3,19,48,67,48,22,6,3
396854,1,4,7,31,48,64,27,14,4,5
45304,2,2,9,27,61,52,38,25,10,6
957222,2,3,2,14,37,36,13,6,2,2
70323,3,13,38,57,74,43,26,9,8,2
420663,0,1,2,9,36,51,57,21,6,4
2435,1,8,15,33,38,43,38,21,15,7
60455,0,0,3,9,30,52,40,19,6,8
780080,1,3,5,26,68,48,23,7,1,2
706395,0,1,2,5,47,42,19,10,2,1
777733,0,1,3,13,43,53,18,4,2,0
273023,2,13,26,66,78,77,21,13,3,4
772479,16,23,49,83,145,107,52,18,3,3
642791,24,13,33,61,62,27,12,4,2,1
873079,0,1,2,1,28,54,43,13,7,2
899170,0,0,9,21,47,43,7,1,0,0
447996,1,0,5,27,61,88,69,24,12,3
706526,5,14,18,55,39,15,4,3,2,0
680441,1,2,7,35,75,56,24,6,8,1
497291,0,1,2,13,70,71,23,15,4,3
780337,0,4,5,24,59,58,14,8,1,1
12940,0,1,8,24,32,18,12,2,1,0
402088,3,9,25,46,88,56,21,10,9,1
128385,7,14,42,78,83,32,26,9,3,1
604870,0,1,2,19,45,25,12,4,2,0
67415,4,5,8,25,47,53,26,8,3,0
637413,1,0,0,5,25,44,62,28,21,7
887433,1,1,1,2,21,32,44,22,7,2
489036,0,0,4,12,31,61,25,14,7,2
501507,2,0,2,9,31,60,38,15,13,4
773314,2,4,18,36,60,11,5,1,1,1
105142,1,2,8,28,67,52,23,11,3,4
678143,1,1,6,15,42,53,34,17,8,1
40642,2,4,20,34,47,25,13,2,2,0
450857,15,22,44,109,63,15,8,1,1,2
480755,0,1,0,10,33,52,21,12,3,1
132378,0,0,9,17,35,48,35,38,13,15
308904,3,5,11,32,69,44,23,7,2,1
924481,6,7,23,50,46,28,3,8,1,0
416954,1,4,16,60,104,79,50,21,8,3
650082,1,3,5,12,25,58,59,33,21,7
154066,2,5,16,35,82,72,68,44,17,6
651716,0,2,16,50,71,33,20,7,2,1
820906,0,0,9,28,56,57,33,8,6,2
633110,0,2,13,31,90,73,32,9,3,1
288984,0,2,5,22,74,63,19,4,1,2
951269,0,4,7,23,56,38,4,2,1,0
661326,4,9,27,64,58,20,8,2,0,1
930504,1,3,10,28,29,56,31,13,7,5
324862,1,1,6,29,80,92,28,8,4,1
10662,0,0,4,15,31,17,16,7,2,1
818707,1,3,12,28,62,35,10,2,0,0
194785,1,13,29,62,68,46,25,12,7,3
584137,2,2,3,16,36,52,37,19,2,2
366197,0,3,12,33,79,41,21,7,0,3
434819,0,0,6,46,87,50,7,7,0,4
687666,0,6,8,22,48,59,18,10,3,1
617847,0,1,1,11,62,54,19,8,9,1
170956,16,34,52,103,98,26,11,5,2,0
830450,0,0,2,5,18,65,42,25,16,7
244832,1,1,8,36,72,48,23,14,2,3
192746,4,9,34,83,92,27,15,8,2,1
625896,0,0,1,10,40,61,34,16,7,3
759174,0,1,0,4,16,34,52,41,17,25
669126,0,0,3,5,37,55,42,17,10,2
504789,3,1,4,7,21,51,44,26,13,5
166102,0,2,9,23,75,93,62,31,12,4
610411,0,1,6,37,49,41,18,6,1,0
38455,7,15,41,64,51,26,13,6,1,0
39339,4,22,43,51,50,23,16,8,0,1
822640,4,3,13,20,52,56,21,9,5,0
908068,0,3,6,30,53,51,31,20,7,3
13181,0,4,10,25,41,39,36,19,10,3
285575,1,5,5,15,27,68,55,42,21,24
648140,5,9,47,66,59,27,8,2,0,0
131306,8,18,50,88,73,30,6,6,3,0
28257,6,19,37,47,47,29,13,4,2,2
274322,1,3,15,24,69,67,48,24,19,8
381883,4,8,25,67,82,37,13,3,1,1
635498,1,1,0,9,37,74,54,25,13,7
492695,1,5,20,44,61,23,16,3,2,2
799991,4,4,22,29,46,27,32,8,4,2
316079,16,25,38,66,35,13,7,3,0,1
118656,2,3,11,30,92,79,60,34,11,5
377322,1,4,8,32,56,56,50,26,8,1
146764,2,8,11,44,120,89,27,15,5,4
84542,0,1,6,15,38,58,46,21,11,6
303535,1,1,9,37,75,46,15,4,2,2
511722,0,2,12,43,116,80,24,14,3,0
676571,1,5,6,26,46,57,19,8,4,0
731700,0,1,4,11,31,49,19,3,4,1
710116,1,1,2,8,35,66,48,17,15,7
461553,0,0,6,24,54,41,18,6,3,1
206844,39,45,68,54,34,13,1,0,0,0
653791,0,2,1,5,24,52,48,25,15,8
579340,0,0,0,6,31,50,37,15,6,5
857773,4,14,9,25,88,64,31,19,5,3
439968,0,0,2,26,86,60,35,13,9,4
584382,1,0,0,21,57,45,33,4,2,1
365892,33,53,72,67,48,13,3,2,0,0
270783,3,10,25,59,99,49,7,7,0,0
17346,2,7,14,41,61,55,22,14,5,2
324350,7,7,22,14,42,32,33,23,18,17
446353,2,7,15,72,99,32,6,4,0,2
276106,2,5,6,11,71,125,108,65,31,24
850821,2,7,7,21,78,48,30,12,3,2
342491,6,3,33,68,70,48,16,1,1,0
319738,7,9,22,54,78,56,18,11,4,2
943705,0,0,3,3,20,54,32,20,10,1
800844,0,1,5,21,44,46,23,8,10,4
885806,3,5,8,12,25,50,20,22,6,6
239365,5,1,19,47,94,46,18,3,4,2
262402,1,6,11,31,69,67,35,19,3,4
691209,0,2,6,26,52,47,28,18,5,1
668936,3,4,9,31,50,33,11,4,2,1
227579,2,2,24,60,85,59,38,17,8,4
759375,1,5,9,27,71,53,11,3,4,1
182548,7,26,41,74,98,40,13,4,0,3
931151,1,1,2,8,32,59,28,12,5,2
26979,4,22,30,63,62,30,14,3,1,0
934414,1,3,17,29,59,43,19,5,2,2
922626,0,0,6,16,35,43,15,3,2,0
342312,1,0,4,16,55,80,51,21,15,5
935641,1,0,6,30,72,54,13,6,3,0
500131,0,2,5,15,42,50,30,9,10,0
879637,0,0,2,3,15,41,39,21,6,8
934008,0,1,2,6,29,59,31,11,2,5
423013,0,1,9,15,42,50,36,8,8,1
325970,3,12,33,51,78,50,22,15,1,0
726098,0,1,10,10,56,49,19,13,0,0
1401,0,7,27,28,33,37,36,21,12,5
661416,2,0,1,9,44,63,36,21,11,5
527665,1,2,6,29,60,32,9,0,0,0
903988,0,1,8,18,34,52,15,12,2,2
862217,1,1,6,9,41,49,18,9,4,2
510680,0,0,3,16,64,78,36,12,7,1
765643,0,3,8,29,80,74,36,16,3,1
538874,0,1,2,22,62,57,28,13,0,0
437199,1,1,3,62,105,69,13,11,1,1
467061,0,0,3,8,45,49,48,16,8,4
49541,1,12,28,56,61,38,21,11,4,5
848643,0,1,7,15,52,92,53,20,6,0
774223,3,3,7,25,63,55,32,18,9,4
534606,0,0,5,14,37,47,15,12,4,3
98226,4,6,28,73,103,40,15,6,1,1
852660,0,2,9,35,67,52,16,2,3,1
241923,2,3,20,39,74,42,13,12,2,2
376618,4,11,13,34,54,39,21,17,9,6
626766,1,4,12,44,77,28,9,0,1,0
787154,1,4,8,17,47,50,26,13,4,5
163995,6,8,38,94,97,47,9,6,0,1
809467,0,2,5,13,44,48,25,11,3,4
319904,8,19,40,60,49,17,10,6,0,4
749727,1,1,6,5,46,61,35,14,5,1
828238,4,8,8,42,78,71,20,7,0,1
474680,0,3,4,54,70,29,1,3,1,1
910302,1,6,4,18,56,79,51,31,7,3
899772,4,10,21,52,55,38,11,4,1,0
39303,6,11,24,35,57,38,29,17,2,4
129170,0,1,3,18,68,64,24,16,3,3
896692,3,17,12,44,81,41,27,11,3,1
62142,7,26,50,104,48,29,7,3,1,0
902883,1,4,10,34,47,60,23,15,8,6
273896,0,6,18,50,83,72,29,13,3,3
847852,6,6,16,31,73,54,16,6,3,0
133154,2,5,19,77,127,72,27,7,1,3
667233,1,3,3,11,40,93,77,60,32,24
288078,0,0,2,5,14,47,53,36,19,11
687238,3,13,23,53,57,20,2,3,2,0
437372,1,8,11,43,73,60,38,15,4,2
888948,4,10,19,62,52,8,4,0,0,0
13389,0,1,1,7,19,26,26,9,5,6
846634,2,1,3,3,15,54,48,54,23,12
24573,1,9,31,41,30,5,5,0,0,0
10039,3,5,7,25,41,47,33,10,8,3
663867,0,1,1,13,32,36,28,19,10,4
150518,32,49,92,108,42,12,0,0,1,2
203031,0,1,13,30,85,98,70,39,16,5
927128,0,0,3,6,41,64,30,12,6,3
2859,0,11,15,35,31,59,41,23,21,5
906533,2,5,12,37,53,13,2,0,2,0
505330,2,2,9,44,61,18,4,1,2,2
613643,0,0,0,10,22,65,36,12,6,5
770459,1,7,13,42,146,151,71,29,10,3
713529,1,6,16,27,61,30,11,1,1,2
289164,2,12,44,75,74,24,6,2,0,0
13306,8,13,15,23,38,32,26,22,14,5
812769,0,3,7,26,56,30,12,4,0,0
64531,0,5,20,47,68,51,20,4,1,0
718956,1,2,14,51,45,25,3,5,1,0
521777,0,1,8,44,76,24,7,3,0,1
394104,1,3,10,39,76,46,13,5,2,0
457679,1,2,6,35,87,62,23,11,4,1
79121,0,0,14,42,79,25,13,5,4,0
10674,0,5,22,46,55,48,16,11,2,2
802495,3,1,2,11,39,36,9,8,2,2
493948,0,3,5,18,53,43,27,10,2,1
501860,0,1,4,34,68,42,9,5,1,1
321271,3,3,26,78,92,35,10,3,1,0
827621,2,0,8,17,55,65,28,22,10,7
911408,1,2,8,17,54,40,16,7,4,1
473313,0,1,2,13,34,36,42,29,18,13
200195,3,14,26,64,94,54,17,6,0,1
257582,1,13,25,63,92,49,22,12,4,1
288972,1,2,9,20,84,44,20,11,5,1
505362,0,1,4,7,25,54,49,26,8,1
364742,0,0,2,11,39,76,55,26,11,4
440401,1,3,10,44,71,49,11,7,2,1
323076,1,8,19,56,73,30,3,2,4,1
778187,0,1,6,19,50,45,22,15,7,1
942128,10,8,15,41,54,40,24,14,9,7
390311,0,4,7,37,56,53,25,11,5,3
137749,2,2,25,42,83,83,65,18,8,4
431214,1,3,4,25,71,54,17,8,2,1
117206,4,12,24,67,93,63,31,9,6,4
47464,4,12,21,51,67,34,12,8,2,4
659651,1,1,6,11,36,79,59,20,13,5
815977,0,1,0,1,11,25,42,29,17,19
808584,3,5,21,64,90,65,35,14,5,0
684420,1,2,14,39,57,17,6,2,2,0
857969,10,21,40,77,73,27,5,3,0,2
711524,0,0,4,17,45,43,25,13,4,1
109546,0,1,9,35,52,55,27,8,3,0
75409,5,11,26,64,51,18,4,1,0,0
349515,18,11,34,46,41,17,11,1,1,0
450628,2,1,19,85,127,38,16,4,0,0
71981,7,21,40,63,73,38,15,3,7,1
760372,0,3,14,41,58,51,25,11,8,3
622946,0,1,1,24,55,57,16,6,4,0
9219,1,8,14,49,63,67,27,14,6,1
148551,2,10,23,69,75,22,11,4,3,0
788395,1,16,19,40,63,28,5,0,1,0
778148,0,3,8,40,62,31,10,4,0,0
682050,0,2,4,37,78,42,13,6,2,0
167849,0,2,6,19,54,75,48,27,11,5
181422,15,26,41,69,66,36,10,4,5,1
745435,0,2,3,24,53,52,21,5,0,1
175613,0,3,16,43,75,27,8,5,0,1
838237,2,5,8,26,66,61,28,9,2,3
818751,0,1,12,33,49,47,24,15,4,4
140851,0,4,9,27,59,60,25,19,1,3
119953,4,18,45,77,84,45,24,8,1,2
719616,7,16,15,64,39,17,9,3,1,2
418595,0,1,5,35,77,55,12,3,1,1
448485,2,10,41,99,94,22,11,3,0,0
631247,6,13,39,97,61,32,9,6,3,2
313224,3,6,21,57,52,14,7,3,0,0
741622,0,9,16,53,92,36,17,4,2,2
676048,0,1,6,17,41,68,26,9,6,2
539764,0,1,4,15,36,48,49,18,9,2
34342,4,7,19,27,51,42,26,18,8,3
779196,0,2,7,15,58,60,25,10,2,2
729035,4,4,16,52,73,32,12,7,2,1
387464,9,5,23,31,92,106,65,38,22,18
302000,1,2,5,25,75,60,28,7,0,5
358922,0,2,8,24,78,53,37,11,4,5
665025,0,1,5,13,34,42,16,8,1,6
823041,7,17,34,66,50,12,7,4,2,0
102506,10,31,51,86,52,12,6,1,0,0
95550,6,13,34,69,73,38,17,10,2,2
74534,1,8,20,62,100,45,20,3,2,5
865743,1,7,14,22,65,45,42,13,8,10
867018,0,2,1,16,35,62,38,18,10,2
318884,0,0,1,6,30,57,37,27,17,10
94694,0,2,7,24,62,44,19,7,2,2
109489,5,8,15,47,103,53,25,8,2,1
502527,3,5,7,25,60,47,14,9,2,1
5847,0,8,10,23,55,76,63,49,27,16
596944,1,0,3,18,45,48,21,5,2,1
874902,2,14,27,63,58,28,13,5,4,1
127047,0,1,4,34,70,44,23,7,3,0
24257,0,0,2,23,32,21,18,9,2,1
517775,1,0,3,10,25,58,49,32,14,8
35636,0,2,6,25,33,41,13,3,4,1
751705,0,4,9,36,76,27,4,1,1,0
338252,14,26,31,61,50,28,9,2,1,1
784439,1,0,5,14,46,54,51,22,21,11
440625,2,4,17,40,60,41,18,8,4,2
676364,1,0,7,18,63,60,39,29,8,7
772627,1,9,30,100,216,114,31,6,2,0
408164,0,1,2,18,78,72,33,10,3,0
451228,1,5,17,77,147,75,23,4,1,2
458025,1,1,12,29,60,35,14,10,3,3
931389,2,0,1,4,25,47,62,48,27,19
490333,5,1,7,38,61,46,15,14,4,1
290432,14,33,46,62,76,44,27,15,11,7
419294,10,15,34,55,50,27,17,2,3,3
68215,16,12,20,49,61,52,22,15,7,5
828452,3,4,17,43,77,51,33,15,6,10
723602,1,0,8,19,50,31,14,3,4,0
191465,2,10,19,65,92,70,13,7,3,1
345202,2,4,9,38,77,32,13,4,1,1
610407,0,0,4,15,62,58,21,1,2,1
824908,11,19,21,62,35,10,5,2,0,1
812010,0,3,8,13,49,63,33,19,8,5
405889,7,12,16,51,78,68,41,14,4,5
925233,2,3,7,23,62,58,19,6,3,1
70537,1,1,10,25,64,50,29,10,2,2
892392,0,1,2,11,51,42,9,7,0,0
422721,0,4,12,52,105,70,22,7,2,2
658958,0,2,7,28,73,74,25,12,1,2
84036,4,5,18,36,60,51,45,27,9,7
558748,0,1,6,27,48,27,6,5,3,0
935251,1,5,12,35,80,46,16,4,2,1
129709,5,15,33,66,99,55,22,17,7,1
751565,2,2,12,41,72,24,4,0,1,0
366118,1,10,15,35,65,44,20,8,1,1
286896,2,8,18,52,81,46,22,8,2,1
850612,0,1,6,20,45,52,24,9,5,1
370946,0,2,6,15,53,68,35,10,4,5
392899,0,0,5,16,36,46,42,27,7,5
325632,0,4,6,26,51,53,47,19,7,4
944729,4,2,5,17,37,66,46,28,17,15
272006,11,27,66,131,106,36,15,8,0,2
66589,1,2,21,35,58,39,17,8,0,0
644311,1,4,15,44,66,35,8,2,3,1
605858,0,2,2,9,52,28,11,2,2,0
380039,0,6,10,32,57,57,19,12,2,0
25189,6,12,33,58,87,45,22,6,1,1
75262,2,12,44,86,98,37,13,3,2,0
272630,0,3,11,31,92,53,20,9,1,5
305468,1,3,2,31,64,53,25,5,2,2
16201,9,25,54,52,30,16,5,3,1,0
512354,0,0,3,11,29,77,61,38,8,3
732122,1,2,2,8,47,77,43,18,3,2
696439,0,0,3,6,22,46,48,33,18,8
6578,3,8,18,33,96,66,40,17,6,2
474840,2,7,15,49,65,29,11,3,0,0
762584,0,4,19,36,68,49,26,22,7,3
314678,1,2,3,6,43,63,36,18,6,4
65962,9,18,46,71,67,37,15,6,4,1
863860,9,16,20,36,46,27,18,2,2,3
476621,0,3,8,37,56,43,8,4,3,1
379985,0,0,7,16,79,84,41,16,4,1
882062,1,0,1,6,42,43,23,8,1,2
183267,0,3,11,27,76,76,32,14,6,2
882889,1,5,4,28,75,38,12,3,2,1
42881,6,24,38,46,53,28,17,14,5,4
298918,4,5,29,84,103,43,20,5,3,0
38119,1,8,20,52,59,44,20,10,6,4
540705,0,3,10,29,76,44,19,6,2,0
155463,2,13,25,58,82,21,5,1,0,1
93335,2,9,22,51,77,38,11,3,1,0
160340,0,5,12,45,67,45,16,5,0,1
105814,1,4,15,45,60,53,29,17,4,0
109167,1,8,15,52,85,46,27,19,1,5
184104,1,12,31,59,110,48,34,8,3,4
787317,2,3,11,46,70,38,13,3,1,1
8836,25,16,23,37,65,39,39,20,4,6
567774,0,5,10,43,65,51,18,2,1,0
850959,0,1,1,17,43,58,31,9,3,0
405204,3,6,9,38,70,28,10,1,1,1
564238,2,3,9,52,56,18,3,1,0,0
537649,0,0,2,26,59,35,11,1,1,0
854570,1,7,15,25,88,48,19,6,2,0
279522,12,18,25,48,72,65,33,15,2,6
588564,1,4,13,40,62,37,13,1,1,0
793331,0,5,11,24,59,48,24,12,2,2
503201,6,14,19,51,47,17,5,0,1,0
339212,4,2,9,32,101,70,36,13,7,5
766069,5,7,15,31,60,39,22,7,3,0
675920,5,4,13,26,63,46,10,8,3,0
4746,4,4,13,37,64,67,46,16,8,3
250753,5,8,17,49,82,45,27,7,3,5
606930,0,0,1,4,28,42,27,14,3,2
564557,1,2,13,34,55,27,11,6,0,0
10789,5,8,29,51,69,40,24,4,1,1
820713,0,6,23,44,48,15,5,2,1,0
418752,0,3,3,22,49,84,40,17,10,4
329380,1,0,2,19,45,76,38,19,5,6
661684,0,6,10,31,55,51,19,6,5,5
704092,1,4,12,21,63,55,17,7,4,2
129316,4,8,35,72,96,60,34,8,5,4
951446,0,3,0,15,46,44,16,12,0,1
381134,3,6,6,23,60,70,40,30,5,8
8466,2,9,22,50,86,54,41,11,6,2
850953,26,20,29,57,61,9,3,0,0,1
903532,1,0,3,11,31,46,40,14,5,1
39424,12,17,29,54,60,28,11,7,0,2
269893,1,3,11,41,73,66,17,13,4,1
408337,0,5,12,39,79,53,13,9,2,0
537606,0,0,5,33,63,23,3,0,0,0
69929,1,7,20,32,62,64,47,26,10,9
515863,11,29,32,80,30,7,2,1,1,0
735048,1,6,12,35,58,16,3,0,1,0
7860,3,10,18,38,77,50,56,20,6,4
96697,1,5,8,54,101,81,33,16,5,3
591725,1,4,10,51,56,30,9,6,0,1
944414,4,1,10,15,44,50,21,3,2,0
948933,1,0,0,5,40,53,29,10,4,1
128485,27,38,49,78,60,20,5,3,1,2
911105,0,1,8,19,60,41,16,5,2,0
228773,2,1,6,14,50,84,75,36,19,16
906585,1,5,6,25,37,34,7,4,2,1
154709,1,5,14,49,112,75,43,15,8,3
132324,1,2,6,28,103,96,64,34,10,7
260253,1,11,18,55,77,32,17,2,2,3
403937,1,1,2,8,24,49,46,25,16,11
497664,0,1,6,19,56,80,58,22,15,5
236483,5,13,22,36,57,36,14,14,7,2
357243,1,4,19,66,64,21,10,4,1,1
17908,7,25,50,64,52,25,5,1,2,0
4440,1,4,22,55,68,56,31,10,7,0
118680,2,9,16,41,75,71,54,30,13,8
21271,3,12,28,47,53,23,16,1,1,0
745036,10,6,24,49,50,26,13,5,2,1
674059,0,0,0,5,13,49,38,22,15,11
430432,2,8,9,38,58,32,16,8,3,1
651650,7,6,26,79,63,18,5,4,0,0
52511,1,11,17,52,56,48,11,6,1,1
291790,2,7,27,46,88,50,12,12,1,2
83507,0,0,8,30,69,33,16,7,2,0
767136,2,6,13,45,55,14,2,2,0,1
837978,2,4,7,27,46,64,36,17,3,0
11913,0,0,2,3,17,36,21,11,4,4
572573,2,0,2,11,43,61,37,27,9,5
36989,1,5,11,25,46,46,28,24,7,1
819625,1,1,0,4,13,20,51,51,31,39
709967,0,2,2,16,57,60,27,14,8,2
644660,1,1,5,17,42,81,44,28,13,5
373014,8,34,44,64,52,26,9,5,3,1
941413,1,1,5,21,49,49,26,15,6,1
874316,1,5,8,18,65,71,37,15,5,1
346497,0,6,15,33,62,38,16,5,2,1
857008,2,7,8,17,63,78,41,23,9,9
238399,5,11,29,68,63,28,14,6,5,2
945786,1,5,6,30,49,29,6,4,0,0
395484,5,4,14,51,58,33,12,6,0,3
56709,10,21,29,44,44,41,19,15,14,4
754059,0,0,3,7,18,53,48,32,4,2
830718,0,4,6,22,53,44,18,4,2,1
882431,3,5,10,21,49,45,17,8,1,3
448880,1,5,12,47,81,43,5,3,1,2
150887,0,0,3,12,40,67,36,28,17,9
229647,0,4,23,77,121,47,10,1,2,0
359275,1,10,26,69,88,21,10,2,1,1
297223,0,2,6,20,42,86,67,39,21,9
798098,1,7,13,23,56,63,32,20,9,3
187284,0,1,2,20,73,84,56,19,5,4
208404,1,5,7,30,77,45,16,7,6,1
69098,3,4,11,32,84,65,40,11,10,3
362354,18,24,21,55,45,18,15,2,2,3
120389,1,3,11,27,91,78,60,34,12,5
836161,6,11,25,65,56,29,2,3,0,1
280769,5,13,54,127,161,41,12,3,1,1
102953,7,8,25,46,72,50,31,9,5,7
518614,7,12,32,77,61,17,5,2,0,1
618208,3,2,5,26,53,41,9,4,0,1
917401,0,0,2,12,39,55,26,8,6,4
45375,20,41,63,64,30,8,0,1,0,0
454287,3,2,8,30,61,46,38,8,2,1
868286,3,3,3,12,65,81,23,5,4,2
536512,0,0,1,7,34,54,26,9,1,1
957517,0,1,4,8,36,44,20,5,2,2
82692,1,9,26,53,66,47,23,11,6,0
262223,1,8,10,43,90,57,28,18,5,4
167080,0,1,11,29,95,52,28,10,3,3
854747,1,4,19,28,93,37,22,8,2,1
423112,4,10,16,41,67,28,12,6,1,0
695833,1,1,8,28,63,34,9,12,5,3
592488,1,4,13,76,109,62,26,10,3,2
60534,0,2,6,29,37,41,9,8,2,2
11277,5,8,17,45,56,45,14,10,2,0
541769,2,2,9,38,45,29,13,5,1,0
766125,0,4,4,26,69,47,33,12,2,1
423201,3,8,23,42,60,36,14,9,4,0
847246,0,2,7,22,69,101,36,10,1,1
39296,1,2,14,20,35,46,44,40,17,11
47335,0,8,20,38,61,60,17,16,5,5
85700,0,3,7,13,40,46,44,17,15,7
676154,0,2,3,11,28,60,38,19,10,7
779522,0,3,15,39,77,37,12,5,0,0
160512,0,2,11,40,84,33,13,7,1,1
880361,0,0,2,7,53,79,46,19,6,4
640551,1,0,2,9,59,54,16,3,0,0
284678,2,8,32,68,84,83,37,20,7,4
446446,3,6,24,75,93,31,8,2,0,0
151696,2,12,35,58,92,29,6,6,2,0
383452,0,2,5,16,55,56,20,10,4,1
88326,13,36,52,90,63,25,6,3,1,1
631686,0,0,3,21,70,62,22,13,2,0
60949,2,12,26,51,70,49,26,9,5,3
711129,3,1,11,44,75,41,19,4,5,0
776845,1,1,7,23,66,36,8,3,1,0
342738,1,9,13,44,87,51,25,5,2,1
754917,31,40,56,109,49,16,3,0,2,1
287560,0,1,11,42,61,43,25,9,3,3
656856,4,13,30,62,68,38,7,1,2,2
260177,1,3,5,19,81,68,28,9,2,5
357077,0,2,5,35,78,53,11,1,1,1
874158,0,0,2,15,62,58,7,7,0,0
643049,0,0,4,13,50,68,29,12,6,5
49701,0,0,7,29,44,35,23,11,1,0
388793,1,1,9,29,78,44,15,5,1,2
321255,1,1,8,20,46,53,54,28,9,5
783913,0,3,14,37,85,37,11,7,2,0
911374,6,9,14,50,45,15,9,2,1,0
745949,4,1,14,27,59,40,26,14,2,3
283367,0,2,3,13,66,61,28,16,5,3
893056,2,9,23,38,48,19,4,1,3,0
837876,0,2,6,13,54,52,42,23,7,1
750321,0,1,8,25,77,37,8,1,3,0
56626,0,6,17,33,59,39,22,8,4,0
20755,7,22,34,78,52,25,15,3,1,0
12344,1,6,16,51,72,28,19,8,0,1
943963,1,3,8,13,31,45,30,7,5,4
55695,0,4,3,21,39,56,51,18,16,4
821387,25,32,34,52,30,7,5,3,0,1
661531,4,13,22,55,69,15,3,1,0,1
472303,0,0,5,16,44,62,23,7,1,2
425168,0,0,3,25,46,41,15,5,3,2
129561,1,13,26,84,99,64,21,12,3,2
714417,2,5,2,26,61,38,5,7,2,2
567870,1,0,4,33,54,58,24,13,5,0
388821,1,1,13,19,64,61,31,8,2,0
361541,2,8,12,27,54,50,27,10,6,8
37959,3,2,12,20,49,59,36,17,12,3
389524,4,4,16,34,65,50,29,12,4,2
88398,2,9,33,52,54,22,8,3,1,1
20761,3,6,17,46,61,41,35,18,5,1
483570,0,1,3,13,31,65,41,29,6,5
663800,0,3,6,21,70,33,14,3,0,2
802671,0,0,5,13,43,42,14,3,0,0
224347,0,3,1,18,32,74,39,34,19,17
674973,0,0,6,16,30,39,25,12,9,2
230500,4,12,27,78,83,36,15,7,0,2
230246,2,2,7,15,44,81,68,42,29,16
723051,2,1,5,24,47,46,19,15,3,2
347418,2,11,21,75,98,45,11,4,2,3
191493,9,20,53,80,73,29,8,5,1,1
141141,1,4,5,32,71,65,28,6,4,3
287743,1,6,22,44,79,35,7,6,2,2
16580,0,1,1,5,13,24,32,15,12,7
325515,1,3,14,39,80,66,29,23,4,8
504792,0,0,1,1,24,42,44,48,11,12
430607,0,1,3,32,99,93,46,20,6,1
45373,1,7,21,42,73,55,28,8,0,1
878045,0,3,7,17,56,48,28,9,6,3
682421,1,2,11,30,93,97,43,20,5,0
183004,2,5,7,23,71,79,45,22,5,5
132890,7,12,18,53,69,35,7,5,2,0
463356,2,1,1,8,31,38,40,42,10,12
162096,4,12,30,83,112,48,27,10,6,5
343838,4,2,13,42,68,20,9,5,0,0
247346,0,3,12,30,84,36,15,7,3,0
770916,0,1,3,12,46,52,35,15,3,5
343409,1,2,12,34,100,71,29,13,1,1
412562,5,10,20,74,87,45,24,8,3,1
298989,5,9,37,59,85,62,27,7,5,0
373431,2,14,20,61,73,37,17,6,2,0
170633,2,14,37,88,123,48,21,5,1,0
9970,2,4,9,19,43,33,44,21,5,4
128047,2,4,14,32,63,72,50,36,17,8
695705,5,11,27,64,43,12,5,1,2,1
751336,1,5,9,19,62,63,51,16,4,4
662120,0,0,5,8,49,75,74,46,24,14
343151,0,2,8,37,81,60,38,17,6,2
891647,0,0,2,4,31,60,51,21,13,2
811046,1,3,6,22,70,34,11,4,1,0
167375,2,3,17,38,93,61,11,8,2,0
930758,0,1,6,22,54,50,30,11,4,2
669469,4,14,28,59,94,28,9,3,3,0
527351,0,1,4,21,58,47,12,1,0,2
346867,1,4,6,22,51,74,57,36,24,19
810901,0,1,2,5,18,60,38,19,11,2
847864,3,6,8,31,63,56,23,15,1,0
885918,1,4,9,29,62,24,9,4,0,1
20137,1,6,17,29,52,22,22,13,1,3
927245,3,1,1,24,64,43,12,6,3,0
8430,0,3,11,28,57,71,61,34,11,2
936482,0,0,3,3,24,48,41,18,3,0
64532,16,30,42,51,45,23,7,0,0,0
795374,1,0,1,8,31,54,25,13,2,2
342741,5,15,23,53,74,38,23,14,3,6
206259,4,6,23,61,82,68,31,9,3,0
668688,1,0,4,21,59,45,25,14,6,0
84334,0,2,19,48,68,42,18,8,1,0
471964,0,0,5,18,53,70,20,6,2,2
462306,0,0,2,18,70,47,33,6,3,1
121963,2,8,16,62,93,55,29,19,5,3
673186,0,0,1,8,35,56,42,23,6,2
64735,0,3,18,51,82,82,24,11,6,1
307754,1,2,11,22,48,46,34,17,10,7
18494,0,1,4,17,37,43,20,6,9,0
573711,0,2,1,15,55,65,44,7,3,2
905270,4,4,10,20,41,53,16,10,5,3
199413,0,1,5,15,50,62,41,36,18,24
83836,18,20,40,58,65,32,14,8,7,1
570674,2,8,18,49,75,36,15,7,5,2
19068,0,2,15,31,80,60,28,11,1,2
16693,2,7,15,28,38,15,7,1,1,1
279610,4,10,15,53,73,39,19,16,3,1
263719,4,8,19,61,101,42,17,8,2,2
317385,2,1,13,18,68,57,35,19,7,3
107571,1,3,11,33,52,47,23,14,7,3
4943,2,7,27,40,65,48,32,20,8,4
195759,2,3,9,35,99,60,22,8,2,4
114825,0,4,7,18,43,48,33,22,15,13
841748,2,2,0,6,19,47,40,27,24,19
166880,1,2,12,36,65,55,24,14,5,4
412172,0,2,2,24,81,64,30,12,3,2
233775,0,1,5,12,45,78,44,28,13,10
197546,5,18,34,69,82,38,6,4,0,0
767860,1,8,12,41,70,36,11,5,0,0
87649,3,6,21,61,63,29,7,2,2,0
486431,2,2,9,34,85,40,27,12,3,3
275078,3,13,44,134,136,66,18,3,0,4
683250,0,0,1,4,37,53,45,19,4,1
925173,3,2,4,23,46,55,17,7,5,2
923028,0,2,1,9,31,41,29,5,4,0
899461,0,0,2,6,46,50,13,7,1,0
728274,2,1,6,18,64,55,11,3,3,0
24592,0,1,3,10,35,33,24,9,7,2
312695,1,3,21,56,70,16,5,4,0,1
745141,0,3,4,10,33,41,36,22,6,10
401723,1,2,16,42,103,87,56,18,6,4
530470,4,6,20,52,49,8,3,0,0,0
780141,0,3,15,40,76,37,17,2,0,0
769727,5,5,20,33,76,43,24,6,4,2
19196,2,2,13,31,67,43,38,18,7,3
13031,2,10,19,39,53,41,19,15,5,4
928978,4,5,8,30,34,27,3,3,2,1
791359,10,16,26,53,50,11,2,0,1,0
501125,0,1,4,27,62,54,24,12,5,2
797864,8,19,37,45,69,26,9,3,0,0
121102,1,8,23,52,77,46,15,2,4,1
54464,0,2,9,34,52,48,20,7,2,4
870141,1,3,14,52,72,36,14,2,1,0
65749,0,4,5,21,58,39,31,17,7,3
787886,86,21,17,20,35,6,3,3,1,7
386586,1,0,3,16,41,54,31,17,2,1
22073,1,8,18,57,53,44,21,8,4,0
682128,1,5,7,35,66,40,14,7,3,2
78385,3,8,22,45,64,58,30,12,3,5
657765,1,2,20,48,88,49,17,4,0,4
118795,4,9,30,69,102,56,28,10,6,2
251842,0,8,10,35,86,65,30,14,4,3
297506,3,7,14,41,97,66,38,19,10,3
950581,0,1,4,20,68,36,6,0,0,0
234273,0,0,8,21,57,65,32,23,6,9
33109,1,4,2,19,35,51,51,33,21,10
899320,0,0,1,6,42,46,30,4,2,1
849165,1,1,9,10,44,72,37,17,4,2
271492,0,3,4,12,63,75,44,12,8,2
648934,5,10,30,73,64,20,6,3,1,0
853138,2,2,18,38,57,57,29,7,5,3
34838,4,9,34,41,55,34,15,3,6,0
181392,2,3,7,26,41,66,59,52,23,15
863692,0,2,3,17,39,54,19,4,0,0
906452,0,2,6,10,39,53,33,23,20,4
756581,0,0,2,7,41,92,53,25,6,0
755658,0,2,1,13,56,96,43,13,5,2
803238,0,1,4,8,31,55,48,34,20,19
840900,0,2,5,14,30,44,23,13,12,7
356308,1,1,6,18,72,47,34,8,3,3
233076,2,8,25,54,78,15,9,4,0,1
817430,1,5,10,36,50,11,7,0,0,0
2331,8,11,25,23,33,37,37,27,13,21
798809,3,5,26,53,64,40,11,3,3,1
900091,0,3,5,13,49,61,34,20,7,4
785946,0,1,1,5,19,50,33,20,8,6
751899,0,1,8,15,49,52,23,6,0,0
173058,0,0,1,7,40,64,53,48,20,16
365741,12,13,28,58,51,24,6,1,0,0
880504,2,5,4,19,50,60,12,8,1,1
549441,3,4,11,53,61,37,4,4,1,0
687656,1,8,21,79,118,37,14,9,1,4
91973,2,12,22,37,41,29,20,7,5,6
822307,1,3,4,15,44,74,33,9,9,3
808116,0,3,3,8,48,53,18,7,2,0
725976,0,0,2,4,25,44,31,17,15,8
664913,8,14,15,53,66,29,8,3,4,0
671152,0,4,5,22,73,39,9,10,2,1
875079,2,1,9,12,32,60,55,29,20,8
772556,5,7,24,98,197,111,39,7,1,1
885916,3,3,12,27,35,31,9,5,3,0
34443,5,11,18,34,34,13,4,3,0,1
646887,1,0,3,13,56,56,13,6,2,1
383726,6,17,25,78,58,23,8,1,0,0
492446,2,2,11,45,79,29,8,2,1,0
221526,14,28,50,106,122,45,19,7,1,1
787814,0,3,9,20,51,54,22,7,10,0
377296,0,2,6,19,58,85,52,25,12,5
531006,0,0,2,15,31,38,24,16,10,7
913373,2,5,7,31,63,53,20,11,2,4
74590,1,7,19,48,95,64,42,13,8,5
242582,13,12,33,65,65,31,17,4,6,0
516426,0,0,3,16,67,77,38,13,7,3
948144,0,1,0,4,30,39,29,18,7,3
58137,1,2,14,36,69,34,11,2,2,2
324462,2,1,9,34,84,60,38,14,5,2
87144,0,3,6,24,44,62,30,17,9,6
490551,1,6,13,60,52,9,2,1,0,1
81627,0,4,14,39,69,28,17,8,6,0
457605,1,7,11,65,88,27,8,4,3,1
86420,0,1,4,26,49,50,29,18,7,3
205088,1,2,5,42,87,82,31,24,3,1
84889,0,0,2,18,37,62,41,25,17,13
98036,12,22,52,92,67,21,12,2,0,0
247078,6,14,34,72,63,24,5,4,0,1
361958,0,4,3,25,45,62,30,24,7,2
239518,0,1,10,15,70,52,21,12,1,2
541235,0,1,0,5,19,32,44,26,11,9
912814,2,3,2,20,37,39,10,4,1,1
506115,0,0,6,19,52,47,17,7,4,1
106610,2,12,17,47,82,55,31,19,5,2
887630,3,5,6,31,72,64,30,9,3,2
703451,1,1,2,11,30,53,42,26,8,5
444785,8,14,26,95,77,13,3,1,2,0
69923,6,6,20,40,74,70,38,17,2,5
455658,0,0,0,3,6,20,52,55,45,70
181588,14,17,46,64,64,43,17,10,1,2
551491,3,7,21,58,58,28,9,5,2,0
870905,3,6,17,52,80,40,14,7,3,1
769774,1,3,13,36,69,30,12,4,1,0
255907,0,4,7,16,69,93,68,34,9,6
940651,2,10,25,39,75,49,20,9,4,3
355408,2,3,15,50,78,28,9,5,1,1
861548,1,4,3,16,62,47,9,3,0,0
286901,3,4,23,33,87,74,70,36,14,9
112651,1,2,7,35,90,55,37,7,3,1
470899,2,0,5,9,78,77,42,14,4,1
915889,2,3,8,16,33,37,12,9,9,3
949728,0,0,5,16,38,52,46,30,12,7
921065,2,6,10,26,49,30,8,1,0,0
864913,5,2,6,32,37,40,18,7,3,4
901543,2,5,5,28,51,60,30,11,3,2
228196,12,42,75,90,41,14,3,4,0,2
760881,0,1,4,13,42,57,26,8,2,2
452848,0,3,14,69,100,53,15,8,3,1
351011,0,8,12,38,70,87,39,20,12,2
46889,0,1,9,32,45,36,8,4,1,2
784117,0,1,0,7,28,64,55,27,14,8
284830,0,0,1,16,65,58,19,13,8,3
426779,0,5,25,49,69,17,4,2,1,0
918716,0,1,7,28,46,42,36,10,8,3
769749,8,14,23,56,55,34,19,5,2,0
832483,1,4,8,26,53,38,11,5,4,1
767497,3,7,13,25,55,25,6,2,0,0
921661,5,5,12,56,78,21,7,1,1,0
782690,1,1,6,30,47,37,9,6,1,1
340659,2,9,13,48,74,54,24,16,8,3
723914,2,3,14,17,70,54,18,12,0,2
591691,0,0,4,14,53,45,31,13,8,6
773845,1,0,7,9,36,38,34,9,8,4
673987,0,5,19,52,56,20,3,1,1,1
11777,0,1,7,26,31,25,9,1,0,0
777409,0,2,3,17,55,40,8,2,0,1
840049,1,0,8,15,50,32,19,7,0,1
831232,0,0,5,14,56,57,15,3,2,0
449903,1,2,6,30,76,96,43,12,7,4
939495,2,6,11,21,35,51,44,15,11,4
121999,3,9,46,88,86,52,12,9,2,2
727109,0,1,2,8,39,61,61,21,7,4
906646,1,4,4,11,42,37,18,6,1,1
368532,2,2,3,12,50,55,33,22,8,5
847842,1,0,7,18,61,95,47,15,5,2
374421,3,5,9,23,69,55,28,10,5,1
67019,5,24,30,54,71,50,14,11,3,5
592759,0,1,1,8,39,53,18,6,0,4
879775,1,5,2,10,48,42,13,7,3,0
145395,0,0,1,13,23,65,64,67,58,31
16199,11,24,42,48,44,15,6,3,1,1
350671,24,36,65,79,45,14,2,2,1,0
437172,0,0,7,37,102,71,23,19,4,2
466934,0,1,4,29,48,48,17,10,1,1
243778,6,7,25,48,61,36,13,8,3,3
336396,2,7,33,79,98,40,11,7,1,0
873405,0,1,3,11,43,48,32,14,4,3
288117,0,1,5,16,68,61,24,8,4,1
140623,1,2,7,30,70,57,30,8,5,1
496133,5,6,25,68,78,39,28,6,5,1
496086,0,0,2,1,27,73,49,34,11,7
542785,0,1,3,12,43,68,37,16,10,1
890813,16,17,28,37,41,8,0,1,0,0
941611,1,0,2,10,33,63,35,20,5,4
752864,2,3,11,10,44,30,32,17,8,9
419362,3,1,11,26,68,74,40,6,5,1
829903,0,0,4,8,61,59,20,12,3,2
913074,7,6,22,35,51,42,7,4,2,2
926969,14,16,23,42,43,35,12,6,3,1
833685,2,3,10,14,71,66,35,15,2,3
63422,0,0,3,7,34,34,32,25,11,9
12526,3,2,11,36,27,12,3,1,0,0
481916,0,4,7,45,48,15,9,4,0,1
289264,0,1,3,8,40,68,33,24,7,6
175210,1,0,8,26,50,52,25,5,4,5
233318,0,6,20,42,79,38,8,1,1,0
917509,5,5,12,22,49,41,9,1,2,0
866508,2,5,3,20,34,56,46,31,14,2
325203,1,6,24,48,94,42,15,8,2,1
223048,25,30,62,91,55,21,5,5,0,1
773829,0,1,4,26,58,31,13,3,1,0
447982,0,1,5,24,135,119,50,15,5,0
532922,1,2,4,13,41,44,24,13,1,3
765821,0,6,24,57,100,38,13,0,1,3
947925,0,2,5,7,41,64,25,11,9,6
544633,0,0,0,5,25,32,38,12,6,2
342614,0,3,7,33,64,83,43,18,5,2
499755,0,0,6,25,67,43,19,7,2,1
506072,1,5,18,45,46,20,8,4,0,0
146945,3,7,13,53,97,37,9,2,2,1
351033,2,6,8,20,47,83,52,38,13,14
165720,1,5,20,61,96,75,28,14,4,3
494632,0,1,1,6,35,65,43,43,14,10
900037,2,0,3,10,28,49,43,35,19,9
929315,4,5,14,21,44,22,6,1,1,0
707421,8,2,16,50,65,32,9,6,2,1
634862,0,0,1,14,82,79,44,13,2,0
458642,4,1,5,25,55,42,17,6,0,0
461902,4,2,17,52,64,11,3,0,1,2
699700,1,6,17,49,88,49,22,6,3,3
914044,6,6,19,46,55,27,10,6,3,0
831117,1,4,16,31,90,71,32,11,4,1
291006,2,10,22,43,59,22,10,4,2,1
215992,1,3,8,20,53,70,61,40,18,17
617437,1,7,14,55,88,58,24,9,5,1
765464,0,2,2,15,63,65,40,24,5,1
376948,6,19,26,65,77,14,3,1,0,1
521291,0,1,4,20,58,46,22,4,0,2
938064,1,2,7,22,53,41,11,4,3,0
921567,1,0,1,10,16,26,37,39,30,25
271258,3,5,27,70,93,53,15,8,0,2
71976,0,2,5,5,43,53,35,11,7,2
11377,0,3,1,16,47,54,45,21,8,2
442339,1,2,8,28,78,50,27,16,6,2
200647,5,8,23,55,72,65,39,15,6,3
612852,1,6,11,70,72,44,10,5,1,0
10612,6,1,4,34,27,13,3,0,0,0
414864,0,4,9,28,58,79,40,25,15,6
298524,11,24,52,78,79,26,8,4,2,0
6219,2,16,25,54,94,49,32,16,1,1
446534,1,4,9,59,93,41,20,7,1,1
737985,0,0,3,8,32,46,32,22,13,10
203200,3,2,16,46,110,95,45,20,5,1
591615,13,18,36,93,32,7,2,1,0,0
304622,2,0,13,43,63,68,25,6,3,2
747435,2,1,9,26,74,48,20,9,5,2
860809,2,2,6,7,19,53,29,18,2,3
574602,0,2,11,34,78,53,18,10,2,0
578917,3,3,18,52,56,23,4,1,1,0
729137,12,6,17,42,63,31,15,10,2,4
526401,0,1,5,24,68,25,5,1,0,1
213501,2,4,14,46,106,65,34,14,3,3
275147,0,1,9,37,107,138,82,36,15,8
23748,8,5,20,47,55,47,20,9,2,0
42040,7,15,25,41,67,41,12,11,4,1
742016,2,6,7,20,38,52,42,42,11,9
500046,1,0,2,7,26,53,41,29,15,5
887330,1,0,1,5,24,52,30,20,1,2
108949,0,5,8,17,80,125,98,47,16,4
712110,1,3,8,17,57,69,24,18,1,3
923856,4,3,13,40,65,27,4,4,1,0
133450,4,14,29,58,83,44,25,10,8,1
285388,0,0,3,19,60,97,70,38,40,12
754802,2,3,16,36,100,33,14,3,1,1
502914,3,6,31,56,45,13,7,4,0,0
925689,0,1,0,3,20,48,49,18,6,3
164728,0,3,19,58,105,70,23,11,3,0
844805,1,1,9,21,53,70,36,18,9,2
613073,1,1,9,54,66,47,22,10,5,0
497314,0,2,11,37,98,74,24,11,2,2
766174,0,0,19,29,94,71,34,8,5,1
454581,6,14,30,63,61,20,12,7,6,1
902144,0,1,3,21,47,54,14,5,2,0
90514,1,4,14,43,57,33,20,7,0,1
43784,5,9,18,43,68,46,30,14,8,3
772419,3,11,33,104,188,123,32,8,2,1
798953,1,1,4,21,19,45,22,8,1,0
808125,3,1,6,14,47,83,79,45,23,6
72549,1,4,19,29,62,75,46,22,5,6
268134,0,4,19,48,77,32,10,5,1,2
149566,0,3,6,20,35,59,39,24,12,6
953189,0,1,4,11,37,84,64,31,18,3
173819,4,12,50,81,83,50,39,19,9,5
12252,16,27,32,47,38,24,11,6,2,0
628201,1,2,7,13,52,74,46,15,13,4
803623,0,2,7,30,52,22,6,2,0,0
844300,0,2,3,6,14,37,33,34,7,7
857270,0,3,13,37,51,25,1,2,1,0
941283,0,4,5,27,59,59,22,9,3,0
202108,1,0,3,12,40,60,50,38,25,24
415456,1,1,7,37,78,53,24,6,1,2
954982,3,9,7,30,44,28,14,4,1,2
718565,6,10,17,33,68,31,11,1,1,1
382239,1,0,10,41,106,62,21,3,1,0
589608,1,0,8,12,56,57,23,9,5,3
445243,7,21,32,79,40,4,3,0,1,1
67807,4,11,25,53,84,49,17,12,3,4
180998,0,1,6,10,34,58,48,32,15,8
582132,0,1,2,8,42,59,22,14,2,1
117160,1,0,11,46,87,54,26,8,3,2
461098,7,10,22,64,56,25,10,10,2,3
161440,0,0,2,9,49,68,39,31,12,6
819580,1,2,14,38,76,41,15,5,0,2
372862,0,4,11,38,90,50,12,7,3,2
750758,7,12,21,57,93,37,8,0,2,0
613533,0,0,0,4,23,55,33,15,13,2
402275,0,1,4,15,69,73,21,3,0,0
683878,0,2,9,26,58,49,13,3,0,0
12437,1,4,19,29,26,14,3,1,1,0
750397,6,16,30,52,68,35,12,6,5,0
4787,1,4,15,34,65,53,41,23,11,5
43338,2,12,25,42,56,47,21,8,8,5
32833,0,7,11,26,40,19,16,9,3,3
387944,0,3,7,31,73,73,40,13,9,5
21180,0,1,3,13,31,39,25,13,2,0
695409,0,2,4,6,39,58,39,18,9,3
93107,0,9,21,44,71,60,25,18,8,4
13019,63,46,38,35,14,2,3,0,1,0
227952,7,12,26,35,56,64,36,43,5,14
463317,0,2,5,46,73,35,7,0,0,1
713442,2,5,19,54,58,16,1,4,2,0
45103,11,11,35,64,64,28,12,3,2,0
540152,0,2,5,25,52,54,30,16,1,1
126749,14,37,46,91,58,20,7,1,0,0
869728,1,6,11,28,97,54,15,5,2,1
772077,0,0,4,11,37,43,21,11,0,1
851582,5,10,18,41,77,33,11,5,3,2
640327,2,15,36,83,76,18,8,2,1,0
315805,0,9,36,71,83,40,11,5,1,1
219237,62,64,73,117,99,38,14,8,7,4
705080,2,2,15,29,67,31,15,5,0,3
934357,1,4,11,33,72,53,23,10,4,3
864261,1,2,6,20,52,49,10,3,1,1
463499,1,1,6,26,58,46,20,13,4,7
889194,1,0,0,3,27,47,46,25,8,9
245170,0,1,4,11,51,77,40,19,7,7
772244,1,5,18,75,196,140,50,13,11,2
18758,0,3,8,32,28,37,19,7,2,3
13013,13,24,36,51,50,13,9,5,1,1
255408,2,11,16,59,122,72,23,13,1,1
844611,0,0,4,10,30,55,25,11,5,1
635871,2,6,22,64,65,26,2,0,0,2
473781,1,6,9,38,60,55,20,7,4,1
326111,1,6,12,45,95,56,19,11,5,0
555089,0,0,2,9,35,66,55,34,19,5
78837,0,0,4,18,39,46,21,14,6,7
27334,3,13,37,65,65,33,20,8,0,0
57151,2,10,33,54,49,12,2,3,1,0
57417,2,1,1,13,33,41,37,27,9,6
940949,16,17,30,57,80,13,4,1,0,0
446590,0,1,2,18,64,70,60,27,5,5
467447,0,1,2,6,33,51,35,29,13,9
477469,0,1,7,27,61,61,16,5,0,1
795068,0,1,3,4,17,34,30,14,9,4
87013,3,4,16,39,65,43,14,5,3,4
45102,0,4,8,19,40,35,14,7,7,2
614722,0,1,7,36,62,40,11,4,3,0
256790,5,7,15,40,75,63,52,20,10,1
511806,10,13,45,111,85,17,4,2,0,0
40169,12,25,37,68,55,26,13,8,4,3
771976,0,4,12,21,86,163,131,61,21,13
563762,0,0,6,5,37,49,29,6,1,2
15535,2,16,23,46,58,31,13,7,3,1
676667,2,2,15,33,60,35,15,2,1,0
714317,17,25,22,55,46,23,6,9,3,1
222063,5,10,23,41,93,81,69,43,25,21
397298,1,2,7,22,57,30,14,6,2,0
873768,0,1,0,13,36,58,28,16,3,1
885130,1,1,4,30,59,28,4,3,1,1
95441,1,5,10,38,87,66,25,19,4,4
671780,1,5,8,36,69,30,13,6,1,0
120448,4,10,25,84,115,43,10,5,0,1
250238,2,2,25,52,91,49,21,12,6,1
42610,7,13,27,43,49,43,28,10,3,6
623930,1,2,1,12,32,77,43,13,1,2
344168,1,3,14,29,94,63,26,18,5,3
596384,1,2,3,19,46,43,24,10,3,3
409826,0,2,5,10,72,95,58,31,10,4
807627,0,2,4,18,54,45,14,7,4,1
526415,2,1,4,24,37,41,12,3,2,2
905353,1,9,22,44,46,26,7,3,0,2
1874,2,9,19,39,63,40,30,14,7,1
287705,1,0,7,12,35,64,33,22,14,5
315031,5,20,34,56,47,9,3,2,1,0
596947,1,0,0,13,40,58,48,23,13,6
31225,5,6,11,25,34,54,34,31,22,17
846865,2,5,8,31,104,61,29,16,12,2
175533,1,2,8,32,43,37,21,14,8,5
641406,0,5,13,48,87,64,16,13,2,0
12874,4,3,12,26,36,32,33,19,17,16
17880,3,5,18,34,71,53,35,8,11,2
252089,1,14,30,51,92,51,19,5,1,0
877235,2,8,18,48,55,19,3,2,0,1
159146,2,6,18,27,85,65,52,25,8,2
952766,0,0,6,9,63,51,19,4,2,1
731649,0,1,3,3,57,75,34,21,4,4
936235,1,1,5,15,43,67,32,18,6,1
645550,0,1,3,12,46,78,33,10,2,2
40823,6,8,11,22,50,30,10,11,0,0
899776,1,7,8,28,51,40,13,7,2,0
635675,1,0,8,51,103,51,10,2,1,0
31168,11,15,23,31,42,44,30,22,6,6
746200,6,9,15,61,71,27,18,2,1,2
1867,12,17,29,49,68,18,13,5,5,0
570225,0,0,4,19,53,49,18,7,4,1
506437,0,1,3,15,37,68,20,11,6,3
342608,1,2,9,19,56,67,63,31,7,7
246384,2,9,25,29,59,48,25,13,8,3
453157,2,5,15,54,113,60,16,3,2,0
717385,16,29,36,54,20,6,3,2,3,0
225016,3,12,37,73,107,40,12,6,2,1
853436,3,6,6,28,63,33,20,2,1,1
416257,2,5,17,40,81,73,34,12,3,3
769078,0,1,3,11,43,46,30,8,5,0
779726,1,2,8,23,54,51,22,5,2,0
743180,1,0,1,8,23,43,40,25,13,5
742329,3,7,26,37,56,20,11,2,1,0
956745,2,1,3,3,27,39,30,10,2,2
671250,0,0,8,16,60,49,19,5,2,1
20043,2,7,22,47,66,32,14,11,2,2
934552,5,3,14,36,46,46,12,10,2,4
751923,1,0,7,21,65,53,11,2,1,0
735487,1,0,2,11,35,56,22,4,5,1
706457,0,4,5,22,46,27,15,6,5,3
111769,1,1,15,28,78,52,23,5,2,0
269606,1,9,12,45,80,72,28,12,7,2
61537,0,0,0,14,42,51,34,14,5,1
450670,0,2,12,51,82,76,42,24,9,1
695671,1,1,1,17,27,39,43,13,8,7
932963,1,1,6,20,73,68,6,5,1,1
287731,0,0,2,24,57,66,20,10,2,2
311028,7,17,43,72,32,9,2,0,0,0
604740,75,12,14,31,20,3,6,4,1,2
863478,0,1,1,6,17,50,34,22,13,2
799414,0,0,7,14,45,40,14,3,1,0
424094,2,8,27,49,59,31,13,5,4,0
673262,1,0,2,16,64,44,24,8,4,2
879991,1,4,8,30,54,42,15,2,0,1
903230,1,2,5,16,41,39,14,5,0,1
619716,0,0,1,17,50,105,88,50,13,8
686995,0,0,3,8,42,61,33,21,7,2
195668,3,11,29,68,77,46,17,8,3,1
238305,1,3,15,32,72,63,19,9,5,6
706,1,5,9,18,23,33,39,30,19,6
348090,0,3,13,36,77,42,12,2,2,1
761802,0,1,6,16,36,35,21,14,3,0
33709,0,1,9,28,42,23,10,1,0,0
408046,1,2,9,21,60,57,30,20,3,1
16412,4,5,19,32,35,53,24,21,7,0
171366,176,51,53,45,21,8,3,1,2,4
330000,7,6,18,50,67,68,38,16,8,5
674975,0,0,3,10,32,51,27,12,3,2
571028,0,0,0,8,45,55,23,7,2,0
460457,4,5,17,56,53,24,7,6,1,1
93065,3,5,23,47,84,33,14,7,0,1
59627,5,12,24,42,60,59,31,14,11,8
311938,5,13,32,59,73,19,6,2,1,1
861073,2,4,9,11,39,84,57,28,23,6
351891,0,4,15,39,60,51,19,6,0,1
696162,0,0,3,15,46,53,23,7,4,0
214982,2,7,19,66,95,65,27,5,2,2
732872,0,0,4,12,25,54,52,33,16,11
401471,2,13,26,53,85,48,22,4,1,3
576375,3,6,11,40,61,26,12,5,2,0
51884,9,13,21,34,45,28,13,8,4,2
16978,0,0,3,1,11,17,30,21,9,7
935837,0,5,5,22,48,57,33,22,10,10
678015,1,0,3,8,28,47,29,18,9,2
96403,1,1,6,25,67,80,69,33,16,14
118051,3,8,29,74,110,41,17,9,2,4
20457,0,1,15,17,48,26,15,6,0,0
928300,0,4,7,17,54,50,22,10,4,0
306431,10,24,45,72,44,18,7,3,0,2
114606,1,0,4,13,60,57,32,17,7,4
131632,1,5,11,22,54,66,59,30,23,7
669618,1,3,4,6,28,39,27,18,10,15
672806,0,1,3,7,50,72,24,7,1,1
84058,12,16,49,64,51,39,16,6,3,0
771974,0,0,2,11,47,36,15,8,3,0
446074,0,0,0,11,38,72,51,32,13,12
578589,2,0,3,20,57,58,25,17,3,2
446299,7,16,34,80,73,22,3,2,1,0
615910,1,4,14,31,38,32,13,3,2,0
17413,1,1,6,15,40,23,12,3,1,1
752841,0,1,4,23,64,42,11,3,3,0
250436,0,4,15,37,93,69,27,18,3,2
69781,7,14,36,60,78,46,19,4,3,0
798626,0,2,5,20,44,37,7,1,0,1
639334,0,0,2,9,22,52,47,16,7,5
282709,4,17,20,67,89,26,4,3,1,1
153230,4,14,33,96,71,21,6,2,1,0
438779,0,0,9,33,71,67,45,27,7,5
411736,1,1,11,23,49,48,26,10,4,2
809719,1,0,7,17,54,51,12,0,2,3
158196,0,2,3,22,36,67,39,35,13,3
227306,2,4,23,45,97,62,37,12,6,2
46730,4,3,12,41,59,46,31,16,9,5
834029,1,4,3,15,60,66,33,23,5,6
196096,4,12,20,58,76,43,34,21,7,2
206218,6,9,34,70,89,42,21,9,3,2
374009,3,5,6,24,61,75,25,9,3,0
62475,1,1,10,26,48,44,32,10,5,5
735408,0,0,6,14,50,30,19,4,1,3
182880,4,15,39,66,91,42,22,8,1,4
229751,1,3,4,15,59,97,63,33,22,10
653868,2,15,34,59,53,18,4,1,3,1
318976,0,0,1,5,36,48,49,25,21,6
449849,3,3,7,32,96,70,42,23,11,3
115071,0,0,3,11,36,54,41,34,19,8
377493,5,11,28,56,74,51,14,7,0,1
73297,4,18,48,77,72,34,7,5,2,1
884924,1,0,4,15,41,44,23,5,0,2
755250,0,1,3,17,36,41,34,23,7,7
431403,0,1,7,8,41,65,48,12,7,2
322980,2,6,15,31,65,42,24,11,5,1
86099,0,0,1,7,31,43,56,44,31,30
59199,1,3,9,35,49,42,26,11,4,3
445144,1,0,1,22,96,59,19,8,2,1
385083,1,5,11,21,69,74,34,23,12,5
377,3,2,3,7,12,22,22,29,11,6
444691,1,3,5,20,73,73,44,17,6,5
461329,1,0,4,10,46,60,27,8,2,1
626087,7,19,24,93,61,26,4,5,0,0
413029,0,0,1,1,15,39,56,36,13,15
364241,6,14,19,57,62,24,6,4,0,0
395316,0,1,3,11,37,91,61,45,30,17
210614,0,1,11,44,85,46,20,6,3,1
204003,2,8,23,34,86,64,38,19,8,1
357970,0,3,6,21,67,56,19,21,4,5
721868,1,7,12,44,55,32,12,2,3,2
827277,2,2,3,20,58,58,37,21,9,5
453171,0,0,1,8,36,57,30,13,3,2
734635,8,15,22,64,37,20,9,2,4,1
281130,0,6,29,73,78,66,17,6,3,1
30683,6,6,22,44,66,40,22,17,4,3
522886,0,1,5,28,72,64,26,14,4,3
458828,0,1,2,20,66,46,16,10,2,1
676547,4,7,13,20,58,35,22,7,2,5
577694,0,2,0,18,53,55,36,19,5,5
894405,0,1,2,13,42,50,13,3,3,0
42560,1,7,26,26,66,45,31,20,4,5
874916,1,3,8,20,55,65,28,11,9,4
416830,2,9,26,39,65,74,22,12,4,5
663539,2,5,8,16,47,36,21,4,0,5
712816,0,0,1,7,45,55,27,11,8,4
559172,1,2,2,9,43,60,70,48,35,19
10406,3,3,6,35,28,8,3,1,0,0
892425,0,1,0,12,38,42,14,12,3,0
59956,5,23,44,97,52,28,9,2,4,1
167742,0,2,12,57,101,52,8,4,1,0
714053,0,1,1,9,54,58,20,3,0,0
189734,40,39,59,63,51,37,2,5,1,4
646340,3,11,25,45,86,51,9,5,1,0
647800,0,1,3,14,50,79,44,21,8,4
938548,1,0,2,8,33,53,30,10,2,4
840029,2,6,4,27,77,46,31,16,3,0
278389,2,6,24,41,92,68,28,22,5,7
559075,0,0,6,30,59,24,10,1,0,0
780534,4,2,11,37,74,62,26,14,3,1
310101,0,0,0,1,16,44,49,36,29,28
637533,2,0,7,27,65,50,25,18,9,7
14901,0,1,1,20,33,19,4,10,0,0
719102,3,15,21,54,53,18,7,0,2,0
386282,0,1,3,21,83,91,43,17,3,0
830355,0,1,6,24,66,43,19,4,5,1
761438,0,1,9,42,63,35,6,1,0,1
937730,0,2,4,15,37,61,33,11,4,0
740029,2,6,17,38,64,27,8,1,2,1
931189,0,0,7,14,52,50,14,8,4,1
956955,3,6,9,30,68,34,11,6,1,1
414304,0,0,2,20,59,83,40,12,1,1
82798,0,1,9,38,58,33,24,6,0,0
470831,1,1,12,50,74,55,24,11,4,3
755072,0,2,2,13,36,45,30,21,9,10
36862,1,4,7,27,54,49,34,11,7,2
52275,3,4,18,49,60,24,16,1,2,0
33214,1,3,20,43,64,47,20,17,4,2
470832,4,21,38,67,60,24,7,1,0,0
398444,3,7,12,47,72,40,10,5,1,0
569466,0,1,5,11,57,49,25,10,5,4
803463,1,0,4,11,29,48,20,8,4,0
872055,0,0,1,2,19,36,41,28,9,4
175007,2,7,9,39,85,79,35,10,5,4
830839,6,8,18,46,62,30,17,7,2,2
39348,7,16,41,42,63,31,15,4,2,1
343483,5,10,33,83,79,31,13,3,0,0
926650,4,2,14,25,49,41,13,4,2,4
842247,0,2,4,14,42,45,25,5,4,0
351606,2,8,16,56,88,61,32,11,7,2
762544,17,16,18,44,43,31,9,5,0,1
492586,1,0,1,10,38,80,65,27,21,11
23775,2,3,18,33,59,53,31,9,6,0
215302,0,6,7,28,72,81,61,31,10,4
780712,2,4,18,49,54,20,8,1,0,1
266725,1,3,5,17,57,46,43,16,10,5
60803,4,14,37,73,76,38,14,5,1,1
908298,5,10,35,38,42,12,6,4,1,0
116844,0,4,18,63,94,46,14,4,0,2
11147,10,30,44,44,42,15,7,1,0,1
898481,4,4,16,42,70,77,28,16,5,0
58290,13,19,39,37,42,21,7,5,3,0
12400,0,0,6,20,32,21,15,2,3,0
238846,1,3,8,32,62,51,25,4,1,1
491896,0,0,16,51,63,24,14,2,3,1
927022,2,7,5,25,50,71,28,11,1,1
134574,6,9,31,51,84,80,43,17,2,7
18208,2,5,7,38,40,19,7,4,0,0
245092,1,2,10,54,63,34,30,9,6,8
133528,0,2,5,17,56,99,78,42,17,15
302624,0,3,5,20,48,55,46,20,15,8
349660,1,7,19,44,107,58,27,10,3,1
673075,1,2,6,12,34,48,23,5,2,1
48839,1,2,1,3,11,30,23,21,10,18
375362,1,2,13,43,73,57,17,3,1,1
896722,0,0,1,8,16,49,34,8,6,0
810446,0,0,8,17,44,40,21,7,4,1
695228,0,2,12,28,55,40,10,11,5,0
749108,4,4,18,56,51,23,5,2,1,0
656099,2,3,28,51,76,50,17,7,1,1
9958,15,28,53,46,22,9,4,0,0,0
872182,1,2,6,21,48,55,49,25,16,5
384455,0,1,6,8,47,62,66,48,18,7
68529,0,7,10,34,73,61,25,17,11,6
263164,6,11,29,74,93,26,14,5,2,1
217736,6,8,21,61,132,47,8,5,1,2
547867,0,2,6,27,45,20,8,1,2,0
142218,2,4,11,42,101,74,24,9,2,5
428879,0,0,1,28,70,63,30,10,4,1
779468,1,1,12,43,48,18,3,0,1,0
81954,0,0,4,7,43,51,45,39,11,5
613485,0,3,1,9,28,59,40,11,3,10
741114,0,5,9,13,50,52,23,11,3,1
14510,7,10,22,33,36,47,22,7,5,2
171665,3,13,25,93,116,50,29,8,7,3
85286,1,5,21,25,64,80,51,27,8,7
480084,0,1,5,8,29,57,55,35,19,12
65414,12,41,76,78,40,14,2,1,1,2
327847,0,1,5,18,61,66,16,17,5,3
742024,9,4,9,31,67,30,3,4,0,0
94665,2,11,23,64,71,44,16,9,1,0
339201,1,1,3,17,71,61,27,6,1,1
282749,2,4,13,32,99,45,20,17,7,2
120222,10,26,66,110,71,21,10,1,1,1
465729,0,1,8,28,63,48,21,6,6,2
269698,0,0,12,33,88,52,26,9,1,1
897029,9,9,20,49,91,43,11,4,0,0
725171,0,1,2,13,47,49,25,14,1,3
367703,2,6,14,26,79,68,40,14,2,3
7572,1,6,23,45,51,80,42,18,11,25
687533,1,1,7,18,51,46,30,12,10,3
407427,1,2,6,37,74,43,8,4,4,0
27893,1,5,13,30,60,56,48,30,7,6
124551,6,9,22,71,98,42,18,5,2,0
682305,0,1,6,20,56,46,22,6,1,0
354706,2,8,30,64,69,14,6,1,0,2
825691,0,4,7,19,61,21,9,1,1,0
445193,0,1,4,19,66,56,22,5,2,0
406056,2,2,15,25,52,51,19,7,4,1
114034,1,5,12,60,99,73,28,7,7,1
263786,1,7,11,60,114,65,14,2,0,1
115447,0,2,11,48,79,64,25,14,1,1
19877,0,2,13,42,52,46,33,26,8,1
384708,0,3,8,18,50,70,50,45,13,7
916804,3,1,15,21,61,31,8,3,0,0
473582,2,1,11,35,61,41,15,3,3,0
119356,0,0,5,20,52,62,32,11,3,5
723709,1,2,2,12,51,35,17,4,2,0
168136,2,3,6,55,101,57,9,8,2,0
578429,0,0,2,14,76,50,33,17,4,0
391117,0,2,2,11,38,55,67,30,12,7
255114,1,4,3,36,93,51,41,18,7,7
488305,1,3,5,19,52,38,17,15,11,6
324273,1,6,16,35,81,51,17,7,2,0
931241,0,1,3,10,37,55,30,10,3,1
843210,3,6,9,38,48,19,6,3,2,0
714192,1,0,3,7,34,60,33,19,3,4
559543,2,3,13,52,59,22,11,1,1,0
268428,0,8,12,28,89,69,39,20,4,5
628036,0,7,14,37,67,64,29,20,3,2
768586,0,0,5,13,57,50,15,8,2,0
613975,0,0,0,9,47,59,30,4,4,3
930045,3,6,16,42,74,34,4,3,0,2
489378,0,0,6,20,44,45,23,12,6,2
303720,5,14,17,39,72,68,39,29,8,7
94882,13,22,49,59,63,21,9,0,0,2
575171,5,8,14,42,70,28,8,4,2,1
874306,2,3,9,25,66,77,30,12,2,1
347043,3,5,20,47,83,76,32,8,2,0
165187,0,1,6,19,58,65,52,29,13,16
796742,18,25,48,50,43,13,5,1,1,1
32932,10,18,42,50,55,25,15,6,3,0
271816,0,0,4,31,74,54,30,7,8,3
854692,0,2,7,35,77,52,24,10,6,2
372106,0,0,3,5,29,65,51,38,11,7
436457,0,1,11,50,106,47,19,9,3,3
48910,1,6,17,22,36,13,7,9,2,3
490701,0,1,3,11,47,54,32,10,4,3
126869,32,50,60,77,34,8,3,1,0,0
288110,3,8,12,31,66,53,31,18,8,4
563254,0,1,6,21,64,34,7,4,0,0
809241,1,1,22,40,58,15,3,0,1,1
733761,1,4,15,41,76,23,8,2,2,0
269585,0,3,11,29,66,66,27,16,9,4
482290,2,1,9,18,48,38,19,5,4,2
173836,4,14,28,89,117,59,22,8,5,1
240604,8,9,24,49,91,25,21,4,1,1
869337,1,1,5,27,94,50,17,3,2,1
609026,0,2,5,5,16,49,49,44,25,32
359158,0,0,2,15,43,69,57,18,8,9
343931,2,3,8,22,59,75,47,25,12,12
346255,1,5,8,17,54,40,23,17,6,8
402033,2,3,11,39,88,60,50,13,7,5
52542,0,0,1,9,16,37,42,32,23,22
930659,2,2,3,27,53,34,16,3,2,1
37494,3,11,35,60,67,34,11,4,1,1
899373,1,1,8,18,54,30,10,4,0,0
106169,2,5,18,46,96,67,25,6,2,0
5692,23,38,73,86,56,25,10,3,2,0
504350,10,11,22,47,40,19,11,5,0,2
250936,1,0,7,19,60,61,27,19,10,4
824106,20,10,19,38,28,8,2,0,0,0
115621,1,14,36,66,105,61,20,6,4,1
944089,2,5,7,29,49,65,46,11,7,5
26051,22,28,65,57,35,20,7,3,1,0
124265,3,9,36,77,57,25,12,2,0,1
875998,0,0,1,7,29,37,40,19,9,1
656779,8,18,38,53,75,22,8,3,1,0
570725,0,0,2,14,42,68,42,24,12,7
624661,0,2,11,23,55,49,19,5,6,1
941181,1,7,12,25,51,46,12,4,0,0
857555,0,1,3,20,35,49,16,4,0,0
426045,0,3,14,57,73,9,1,3,0,1
64647,0,12,21,64,57,29,20,4,1,1
916962,0,0,2,14,49,50,20,7,6,0
656760,1,3,7,28,65,61,36,21,7,7
86107,0,1,10,24,65,61,38,21,10,7
504213,0,1,1,9,43,60,44,11,1,1
401135,0,0,1,19,48,68,22,4,4,2
734483,0,2,4,20,55,51,27,19,9,3
245016,0,4,7,23,59,66,40,13,10,5
72248,0,2,6,26,61,46,19,4,4,2
669088,3,10,19,56,56,12,8,2,1,2
136742,4,10,27,52,118,83,28,8,2,2
956177,6,8,15,44,59,26,6,4,2,5
244451,7,6,12,37,69,64,46,30,13,6
477118,1,0,4,26,49,50,25,11,3,3
591794,0,1,6,26,62,50,24,3,1,3
50384,2,6,8,33,49,30,13,5,2,0
325868,0,1,5,14,34,75,59,36,33,11
539851,0,1,2,13,45,53,50,24,9,4
471365,0,0,5,50,58,27,20,4,2,0
43188,3,14,30,49,69,36,19,7,5,0
106656,0,13,25,71,88,46,17,3,1,2
342978,0,0,1,13,49,54,32,10,2,2
771106,1,2,15,26,74,116,113,79,47,31
263986,6,13,35,81,72,44,15,7,1,2
448479,1,1,7,57,121,114,30,13,4,2
13781,1,1,11,25,58,35,39,14,7,5
599953,1,4,17,62,57,11,6,1,0,0
627344,1,1,8,28,64,32,11,4,2,1
62998,0,1,17,33,78,67,37,18,11,1
505585,0,2,0,16,35,55,41,17,5,4
810675,0,8,17,33,80,33,10,4,0,1
71658,2,8,11,40,75,67,35,21,8,4
11211,0,0,1,3,10,18,19,20,14,13
495684,0,1,3,20,58,102,49,16,14,5
429024,0,0,0,7,33,73,50,40,9,7
369707,5,7,21,59,78,43,18,11,2,2
555160,0,0,4,8,38,55,20,2,2,0
685996,0,1,0,12,36,55,44,21,6,3
703937,2,8,21,51,83,44,11,3,0,0
824968,1,0,1,12,43,43,27,7,6,2
697940,0,1,2,8,52,52,23,6,3,4
30635,1,1,9,19,31,34,23,8,7,2
256687,7,2,10,39,69,68,43,30,10,8
96585,0,1,10,31,66,36,31,7,4,1
211476,2,6,11,51,94,47,18,2,1,0
504505,4,1,8,32,56,42,19,4,0,0
365866,2,2,8,38,65,63,21,8,2,0
607143,0,0,1,10,36,46,19,11,0,1
54594,4,4,9,32,40,40,27,16,8,3
387598,6,10,24,66,81,35,21,2,1,0
123288,9,14,37,81,89,29,9,7,2,1
321196,2,3,10,48,42,47,28,19,6,2
598263,5,11,17,51,67,32,16,5,1,1
562263,0,0,3,20,38,64,28,8,2,3
25689,2,4,14,45,68,49,28,11,4,3
579942,0,1,3,20,41,45,19,7,5,0
360437,2,4,22,53,70,25,8,4,0,4
337426,1,0,4,15,53,62,24,2,6,2
291538,3,12,22,55,92,41,24,14,4,0
323098,2,8,28,67,55,23,14,3,1,1
383717,9,12,23,39,61,45,19,14,9,3
761902,2,3,9,23,40,29,14,4,3,0
198787,9,22,55,108,40,3,3,1,0,0
208157,1,5,14,50,68,39,4,2,2,1
515978,1,1,6,14,34,44,39,17,6,2
647138,20,18,41,42,45,11,1,0,1,3
316938,0,4,17,43,59,17,4,0,1,0
803918,1,2,8,21,41,36,31,4,9,3
143527,10,30,54,104,71,35,13,6,2,0
278466,1,13,43,83,64,17,8,5,0,2
535538,16,32,30,45,12,4,0,0,1,1
936818,0,3,3,17,51,42,16,8,1,1
777367,0,1,8,29,62,31,12,6,1,1
793887,2,11,22,45,57,37,11,6,7,3
760325,2,4,9,38,67,32,29,16,7,3
497112,2,1,2,10,20,54,61,45,37,28
264198,0,1,6,24,73,91,54,24,11,7
443592,0,2,3,34,88,59,23,2,2,4
46283,0,3,8,23,48,36,16,8,3,1
643025,1,1,10,30,52,68,46,12,4,1
770219,0,8,17,76,167,132,61,12,5,1
669784,4,2,14,55,46,27,6,4,1,0
597645,0,5,4,56,62,15,8,3,0,1
661295,0,2,8,13,62,56,22,19,4,4
589413,9,20,23,50,47,18,1,1,0,1
447854,4,7,28,96,138,46,9,2,0,0
163397,3,15,25,56,78,65,34,5,5,2
144906,4,12,29,49,85,59,39,22,13,13
578618,15,12,27,72,33,13,7,0,0,0
457757,1,0,4,25,71,38,17,4,1,1
31892,11,11,32,68,68,26,9,6,1,0
623355,0,2,4,24,66,46,34,8,7,2
790556,1,1,6,17,55,64,36,19,9,5
748912,0,1,4,19,63,51,24,12,8,3
51294,3,3,14,25,51,47,20,14,4,6
518671,0,0,2,15,57,62,47,18,5,3
98335,17,30,55,61,71,32,12,11,1,1
14298,5,27,38,53,38,19,6,1,0,0
176554,3,4,22,37,83,71,28,10,10,5
7067,7,13,34,70,67,62,29,21,10,5
899430,0,3,11,19,52,30,9,5,0,1
205617,3,5,16,50,99,55,28,13,6,1
953780,0,2,5,27,54,24,3,3,1,1
119891,82,73,70,60,32,4,1,1,1,0
318485,0,5,23,50,91,56,28,8,2,0
431799,0,0,0,16,48,61,16,10,1,4
726940,0,1,2,4,48,63,17,11,7,2
96652,1,1,7,12,34,49,35,31,12,6
435234,0,2,10,34,53,64,30,17,12,8
723095,0,0,4,18,64,54,14,2,2,0
836967,3,5,7,30,85,56,19,5,4,2
467066,0,0,4,20,70,46,12,4,1,1
739713,0,2,6,13,40,57,34,6,4,1
524180,0,1,1,7,35,76,43,36,8,6
460044,2,4,15,58,160,136,45,18,3,6
25107,6,9,24,47,106,48,18,5,1,3
269573,0,7,20,45,87,64,25,14,2,2
345725,2,10,17,28,85,76,41,12,3,1
627349,1,3,6,22,34,36,28,12,9,5
939302,1,4,7,21,41,46,14,5,1,1
151395,15,28,53,99,86,38,10,5,3,2
49480,0,11,19,34,75,55,18,11,2,9
844259,12,8,14,23,35,28,3,4,2,1
335438,2,8,19,59,106,62,31,8,2,2
725765,1,2,3,10,21,28,40,25,13,6
240294,0,5,29,38,84,92,34,13,8,7
95598,0,1,6,29,62,80,57,18,14,8
573425,0,1,4,20,52,58,10,1,2,0
575515,22,27,30,54,41,7,1,0,2,0
460530,2,2,8,41,54,35,10,4,3,1
516170,2,3,10,34,79,67,24,9,3,2
817313,0,0,3,3,22,53,23,20,7,4
801875,0,0,1,5,24,34,33,16,17,5
556965,2,2,15,60,97,45,8,2,1,3
816308,0,4,4,17,55,47,23,10,2,2
625006,0,2,3,19,72,43,15,9,3,0
382603,1,0,1,10,27,59,46,40,16,10
191509,1,7,24,39,87,66,29,11,4,3
96824,0,2,6,31,85,79,64,32,8,3
343039,1,3,10,30,74,75,27,21,6,1
112250,6,11,28,65,78,51,10,9,2,1
257591,0,1,6,15,46,69,78,43,25,15
908017,3,5,6,25,39,26,20,7,2,1
611356,3,7,13,41,62,29,2,1,2,0
840754,0,1,3,15,55,71,23,5,1,3
860698,11,10,25,49,30,7,2,0,2,0
938037,2,9,27,47,39,9,1,0,0,1
433034,0,1,1,9,69,53,21,7,1,1
723084,0,4,14,28,58,54,26,15,4,0
752686,0,0,6,18,54,58,9,4,3,0
948972,0,0,3,17,50,43,16,5,2,3
18909,1,1,7,18,54,33,15,6,0,0
883048,1,8,15,27,57,44,9,1,3,0
255403,3,2,19,37,86,66,24,12,4,4
661974,1,7,12,30,92,66,50,18,10,2
539786,0,0,5,21,53,51,38,17,6,2
254014,3,6,24,66,123,63,30,10,4,2
636492,1,12,25,65,71,35,10,6,1,2
882370,0,1,2,6,24,46,45,31,20,15
593441,0,0,6,16,42,29,7,1,2,1
627312,2,2,2,33,52,35,14,4,0,1
9182,2,6,13,39,65,60,43,7,5,5
529159,0,2,3,8,45,60,39,7,5,4
40946,2,1,4,11,24,31,33,27,19,8
180283,0,1,3,16,40,59,41,24,11,7
463839,1,0,12,33,78,46,28,14,8,5
42944,2,7,17,35,61,54,19,12,8,6
889872,0,5,8,39,68,42,20,4,4,0
269984,0,4,8,12,42,87,49,24,18,19
714344,2,0,13,66,50,9,0,1,0,0
46585,13,24,54,84,46,19,7,7,0,0
765742,3,3,16,21,55,41,37,11,7,5
674753,0,0,2,5,17,38,37,21,16,8
692967,0,1,3,15,51,38,23,9,12,1
634143,0,2,5,26,65,90,28,8,5,2
623339,0,0,2,10,50,82,40,22,15,5
758194,2,8,13,45,72,50,18,4,1,2
200707,7,15,42,93,82,42,11,1,2,3
86778,3,5,19,52,79,27,12,3,1,3
681300,5,15,27,62,69,24,7,1,1,0
722668,2,4,11,34,39,21,8,5,0,1
913680,0,1,2,6,23,45,26,27,8,6
612929,0,0,1,15,39,63,37,23,7,5
86610,0,1,9,46,52,60,16,6,4,2
23500,1,1,14,46,39,20,4,0,0,0
778303,0,2,5,8,28,72,39,27,13,9
29489,8,13,16,52,66,41,26,14,7,6
218043,0,3,11,37,75,68,43,38,13,12
625771,0,0,3,14,49,57,28,17,6,1
577539,0,1,0,12,33,81,75,48,26,12
758290,0,0,5,31,59,75,40,13,7,1
561430,1,1,4,30,62,29,6,0,1,0
80825,3,5,16,36,62,91,48,29,13,11
795453,13,22,26,33,13,6,2,0,1,0
870167,1,1,4,17,70,83,20,7,0,1
598842,0,1,6,39,56,36,19,1,2,0
257689,7,5,33,60,108,43,12,15,1,1
429548,0,0,0,6,27,54,50,31,11,3
885052,3,5,7,20,38,35,14,6,1,1
220875,3,11,32,77,132,84,37,14,5,0
36816,1,1,14,34,49,29,12,2,1,2
401108,0,4,10,39,76,26,4,4,0,0
199347,1,0,2,18,40,72,61,29,17,8
490709,0,0,2,12,47,54,38,30,2,2
609477,5,7,30,65,66,17,5,2,0,0
136750,5,11,33,108,113,56,17,6,2,1
55809,1,1,11,24,70,49,30,15,9,1
682977,0,3,12,28,72,29,11,2,3,1
383366,0,5,10,20,89,74,34,11,3,0
51465,0,1,6,24,49,39,13,5,2,0
131258,4,4,16,61,88,59,18,10,3,2
67021,4,3,19,19,56,62,52,24,21,10
275979,1,6,21,80,167,116,33,8,3,1
454240,0,6,10,35,53,49,27,8,2,0
316510,3,4,12,40,94,59,26,9,6,4
582335,2,7,17,48,82,31,6,4,3,1
67677,0,1,4,21,39,56,44,21,5,2
159487,10,10,25,61,65,17,4,1,0,0
387622,1,3,8,17,57,62,53,32,21,9
105413,3,14,31,77,116,41,22,5,0,2
141811,0,6,19,54,72,41,11,5,2,1
69660,0,2,9,41,53,45,15,2,3,1
471505,0,1,2,27,74,59,37,18,4,3
676560,23,39,51,57,35,11,1,2,2,0
230350,1,4,22,56,126,60,14,7,1,1
744392,1,1,11,29,50,33,10,2,0,0
237024,0,3,10,19,37,61,51,44,15,16
544149,0,1,3,14,32,57,26,11,7,2
142686,1,6,19,67,98,64,20,9,0,0
848806,0,1,2,15,66,106,43,19,5,1
518274,0,1,5,26,70,52,22,12,1,1
295855,10,16,46,80,106,55,18,13,6,2
574642,2,2,5,18,51,59,34,12,5,1
742442,0,1,3,5,21,51,37,24,11,6
941146,0,0,5,2,15,36,40,32,9,7
355,25,27,12,13,12,12,11,4,1,0
16780,4,11,18,29,29,7,3,1,0,0
745781,10,19,31,64,47,10,5,1,0,0
372641,1,4,10,36,66,61,28,11,2,6
417041,0,1,19,23,41,62,46,23,19,10
481348,1,1,8,40,53,25,6,2,0,0
945730,0,6,11,30,47,49,27,14,7,4
61130,4,11,40,82,73,41,9,5,4,2
757535,2,4,6,21,57,41,8,4,1,1
38046,3,7,19,42,33,29,14,3,2,0
661403,2,2,4,13,54,67,30,13,4,2
410254,0,2,9,34,61,44,13,3,1,2
66912,2,17,44,63,74,43,10,3,3,5
949163,0,0,2,8,30,50,24,6,3,1
587068,1,7,12,44,63,36,6,2,3,2
728760,3,5,8,43,77,45,15,5,1,0
638695,0,1,0,8,47,78,43,19,8,8
323169,6,10,42,50,78,45,22,9,1,3
298544,1,5,14,28,80,87,49,20,11,3
736712,1,8,17,44,67,36,10,2,0,0
308039,0,2,8,36,69,52,18,13,2,5
327656,0,2,4,21,42,62,29,20,9,1
863788,3,1,14,37,49,24,10,2,0,2
180307,3,11,32,65,81,56,25,18,2,3
823376,31,41,44,95,97,64,25,12,11,13
872088,0,1,9,42,62,27,7,3,0,0
648645,1,1,6,30,72,70,28,8,1,2
50038,2,9,14,40,56,51,42,36,7,11
757951,1,2,9,22,75,58,33,9,2,3
161172,1,6,16,25,63,66,48,39,20,10
196778,9,25,40,92,57,25,9,1,0,0
492536,1,3,8,51,65,33,7,1,1,1
488883,0,3,17,40,66,16,9,5,1,1
309217,0,6,20,36,62,41,25,12,5,6
616497,0,0,8,28,67,39,4,3,0,3
799453,0,1,3,10,31,44,22,13,6,0
534682,0,2,3,13,25,58,20,16,7,8
63622,3,15,37,57,71,39,23,9,5,2
135130,7,23,56,118,80,28,10,3,1,2
161236,2,3,16,51,92,61,40,17,4,4
782193,1,1,3,6,45,37,21,16,4,3
502318,1,0,2,8,20,69,41,22,10,5
40743,6,4,15,34,36,36,14,4,3,3
635865,3,3,18,57,71,20,5,0,2,0
97783,8,10,32,53,45,25,5,4,1,0
525541,0,1,0,21,46,43,14,6,0,1
270463,1,0,3,8,44,62,60,33,9,9
140752,0,3,6,29,65,82,54,32,15,5
113537,2,3,14,37,83,54,24,7,3,3
882226,0,2,2,19,53,35,11,4,3,0
9315,0,0,3,10,22,26,16,11,3,2
601205,0,3,5,31,57,41,7,7,2,0
409451,0,0,8,23,78,82,54,26,11,5
453959,2,0,1,6,22,49,46,37,16,14
523259,13,12,8,43,63,27,13,9,2,0
162878,0,3,20,47,66,43,16,7,4,2
56933,0,1,4,10,26,42,25,41,26,25
601216,0,1,5,15,32,60,31,17,10,2
790070,1,0,1,5,13,44,28,18,10,11
535842,0,1,1,4,24,48,42,16,5,5
235860,1,8,23,61,79,44,19,0,1,0
44510,17,29,44,59,39,20,6,4,2,0
606720,0,0,0,3,25,43,42,13,1,2
191498,2,2,14,31,74,67,52,18,10,6
726975,0,0,5,33,85,51,28,3,1,1
502339,0,4,21,69,94,46,23,6,0,1
646208,2,10,34,69,78,26,9,5,0,0
605228,1,5,5,31,54,21,5,0,0,2
19667,0,3,8,14,35,48,47,36,14,8
226734,2,4,4,27,56,61,52,23,10,15
10437,1,1,6,19,25,30,12,3,0,0
922104,6,7,16,23,23,17,8,5,2,4
470111,0,0,8,27,62,46,24,5,3,1
260097,7,4,19,41,77,38,8,5,5,4
464472,0,2,9,35,75,31,14,9,0,2
90799,10,18,54,84,87,32,5,3,0,1
856162,1,0,3,4,29,57,28,14,7,1
900858,0,1,6,33,47,38,8,2,1,0
834062,16,17,34,68,54,9,1,1,0,2
908290,1,7,24,33,48,24,5,6,2,1
183879,3,19,57,73,98,29,10,3,0,3
511055,0,0,0,9,45,65,48,26,10,5
45335,7,7,24,55,70,36,19,2,3,2
21412,0,0,2,12,19,25,35,11,2,2
408556,3,8,26,55,87,17,6,3,0,0
913497,0,2,3,6,31,48,47,27,18,8
366196,0,1,17,29,88,49,22,10,4,0
114162,0,3,12,39,63,75,53,22,16,6
913380,0,1,5,11,47,61,36,23,4,3
632125,2,6,14,43,56,14,5,0,0,0
577958,1,0,3,21,47,61,37,11,5,4
835053,3,8,10,32,57,54,23,9,8,3
83739,0,5,15,26,59,59,49,25,19,8
653726,0,1,8,18,65,48,13,11,1,1
768035,28,28,54,76,34,8,1,0,0,1
680454,9,9,14,37,46,24,16,10,5,4
768525,2,1,9,23,35,51,24,8,3,0
271161,2,2,11,31,62,68,49,34,28,12
420564,0,0,14,21,44,64,43,21,11,11
316732,0,4,10,19,57,76,48,30,14,5
322988,3,3,12,31,50,49,31,15,8,5
931463,0,5,7,24,71,32,8,3,0,1
836754,1,1,2,6,37,53,52,38,20,8
831284,2,0,9,21,52,82,31,32,18,7
69754,0,1,14,30,66,57,55,27,17,5
710747,2,3,8,14,38,56,43,25,16,5
679502,1,3,14,36,57,32,15,7,1,1
150564,0,7,16,50,99,83,49,32,11,4
588962,1,3,10,38,61,43,12,4,1,0
863964,4,6,12,25,49,40,23,11,3,6
615330,0,0,0,9,28,61,35,16,5,5
910025,1,1,7,20,30,37,24,13,5,3
396738,5,4,13,39,88,50,16,5,2,0
926166,6,7,7,26,35,32,17,5,4,1
674284,0,4,8,16,62,39,12,4,2,1
12413,4,9,18,30,39,38,23,23,6,6
636196,1,2,9,42,78,44,9,2,1,1
837769,2,0,11,22,64,29,14,2,1,0
175953,1,8,37,55,95,53,16,10,4,1
105171,0,0,6,7,32,77,52,24,24,15
9779,4,3,11,39,62,40,19,5,2,0
262041,3,4,18,48,86,34,16,7,2,4
524163,0,4,5,20,69,56,26,8,0,2
222148,3,12,31,73,122,81,50,23,8,6
795157,20,16,18,34,39,9,4,5,3,1
381150,2,6,22,65,84,49,12,5,3,0
694235,0,5,10,19,73,50,15,10,2,2
650475,0,0,2,7,33,55,40,13,5,8
824184,0,0,4,14,43,35,19,10,5,2
209499,1,3,8,42,88,75,33,17,3,3
666427,2,4,11,25,49,50,31,16,5,4
86258,0,0,4,14,56,53,44,22,8,2
489434,0,2,4,17,62,59,50,28,10,2
8021,3,11,16,53,66,56,31,22,12,8
711356,2,6,9,25,74,58,19,9,1,0
684828,2,3,14,34,59,58,22,10,2,2
335551,1,7,9,34,75,44,35,17,6,1
275973,0,5,9,27,66,72,58,32,12,12
59298,2,2,13,33,57,49,23,8,6,1
863467,0,1,1,1,23,32,54,23,9,8
432809,2,7,16,63,51,28,3,3,1,3
849655,1,1,5,7,37,65,33,16,8,1
479470,1,3,8,45,75,39,10,2,1,0
361347,5,9,25,72,54,21,4,3,1,3
12620,0,0,1,6,17,29,21,18,7,3
233820,4,12,33,71,94,52,24,7,1,2
356880,1,4,8,43,93,31,6,5,1,0
110388,2,12,30,78,87,39,12,7,2,1
262873,4,17,29,56,90,40,11,9,2,6
171348,2,6,39,76,126,68,27,9,3,2
271315,4,13,33,62,93,44,22,10,5,4
51296,8,21,26,45,48,29,7,2,2,2
472207,1,3,19,43,55,48,21,11,2,4
581880,2,3,12,66,62,14,3,0,1,0
751748,0,1,2,9,32,65,29,19,7,2
226955,0,3,19,52,90,50,14,6,0,4
21103,0,1,4,11,30,33,28,11,7,1
394374,0,2,5,27,67,59,19,12,3,4
891550,6,10,15,33,72,23,9,2,2,2
362736,2,1,6,30,51,65,35,17,6,3
730161,0,0,0,14,43,67,37,13,9,3
607206,0,1,1,9,53,36,13,2,2,0
341669,0,3,1,9,45,55,62,36,30,23
28933,5,19,38,54,60,34,10,4,0,0
382151,0,2,4,16,59,69,46,19,7,0
97774,1,2,6,25,81,36,24,4,1,2
308661,0,4,8,21,34,52,37,27,12,9
945369,14,19,18,33,44,21,5,4,2,1
630782,2,6,20,44,84,102,58,41,9,14
39304,10,27,41,63,57,14,6,3,0,1
215496,0,2,7,36,85,80,47,21,6,2
785047,0,0,4,6,35,48,19,18,4,0
258907,5,11,15,44,70,32,19,9,2,3
244936,2,2,9,30,73,73,46,37,12,5
151849,3,10,28,43,107,87,41,16,5,1
9126,3,7,19,47,69,44,37,17,6,2
105297,2,5,19,62,79,70,30,19,11,1
480018,5,7,12,71,66,27,10,4,2,0
146728,1,3,9,48,93,85,57,21,1,4
232052,0,6,22,54,62,34,6,4,0,0
63242,75,53,49,50,25,7,2,0,2,0
98447,0,14,20,71,71,47,25,24,4,5
106290,1,7,3,30,92,68,19,7,6,0
255906,3,7,12,41,82,75,43,24,11,6
679481,0,1,2,14,53,59,18,7,2,0
486629,2,4,4,24,51,56,32,18,7,4
565067,1,2,7,28,71,25,8,0,2,0
689103,0,1,12,29,83,91,36,6,6,0
192186,2,3,30,71,68,30,7,3,1,1
795484,0,2,7,16,44,29,15,4,2,1
124503,2,7,13,45,72,55,28,7,4,2
743488,1,3,3,19,73,141,71,24,5,2
45945,6,6,13,24,41,26,11,10,2,3
462170,2,3,4,39,72,29,3,1,1,1
49727,0,0,1,5,18,39,30,25,17,6
912839,1,2,7,14,40,47,33,19,3,5
760245,1,5,16,53,57,35,14,7,2,0
279087,0,1,11,29,98,98,46,33,7,3
377120,0,2,4,22,54,73,45,24,6,8
175630,0,1,13,34,70,36,11,4,0,1
93100,0,7,6,23,46,59,52,38,19,16
11021,1,1,3,13,28,29,16,9,6,1
950966,0,1,8,22,74,39,11,3,2,0
664752,0,0,7,17,37,47,14,5,2,3
289151,7,12,21,47,73,78,44,42,31,19
593590,5,3,4,48,29,9,4,0,0,1
812819,0,3,13,32,47,26,9,1,2,0
710114,0,0,0,11,28,67,38,24,18,11
629830,0,0,0,9,35,41,31,9,5,3
239202,0,1,13,37,82,42,11,4,2,1
617577,4,7,22,56,50,19,6,2,0,0
14682,0,3,3,19,28,25,8,3,0,0
144383,1,6,21,54,88,42,27,12,4,1
864990,0,1,1,11,45,49,21,6,3,2
681248,0,0,4,13,46,74,27,15,4,3
686901,0,1,1,10,51,61,30,17,3,2
854521,3,3,7,41,64,58,28,9,1,0
782637,7,7,21,32,62,44,10,7,1,1
580189,1,2,8,32,62,29,12,5,1,0
722761,0,3,4,12,41,46,30,15,10,3
355917,4,7,22,37,74,48,16,12,2,0
397480,7,10,34,50,85,26,10,2,0,1
246390,11,20,37,63,59,16,8,4,1,2
13768,12,30,37,61,34,22,7,2,0,2
128412,3,4,31,63,83,69,23,10,2,4
281505,1,6,17,68,139,125,47,27,6,3
96266,2,5,12,38,62,40,13,6,3,4
44357,2,11,22,38,71,39,33,16,6,5
272983,2,2,6,29,72,80,48,37,14,11
701175,0,0,11,27,62,32,10,3,2,0
403347,2,7,25,39,58,15,5,5,1,0
899645,0,1,3,14,39,48,18,8,2,1
367854,16,25,43,67,85,28,7,8,4,0
412628,3,5,20,35,78,65,30,20,6,5
203005,0,1,11,47,87,60,13,7,1,0
821219,1,0,7,7,34,55,50,28,16,4
847550,2,0,1,24,62,53,14,7,1,0
938654,6,5,13,39,43,38,15,2,2,2
165943,0,4,16,37,72,88,60,29,17,7
774133,1,5,12,21,43,71,31,24,4,8
167955,1,5,15,64,104,32,11,4,1,0
281033,2,1,7,20,57,83,52,23,13,7
257319,10,22,50,90,65,20,12,5,0,3
8471,14,26,40,82,57,38,16,7,0,0
911280,2,7,14,39,77,53,11,2,3,2
399032,3,9,29,55,108,76,25,11,8,3
168196,1,1,16,47,105,58,16,2,1,0
385698,2,7,13,38,79,66,19,17,4,4
59902,0,3,6,32,40,50,23,8,2,2
682231,2,1,9,18,48,66,36,22,14,4
118758,1,4,28,59,67,32,6,2,0,0
559975,0,0,2,18,30,53,20,7,2,0
531184,0,2,0,19,50,48,22,4,1,0
45019,7,15,7,40,45,17,6,2,2,1
423140,0,1,10,20,58,56,22,8,2,2
503400,0,0,4,12,36,68,30,17,5,3
445045,0,1,6,29,66,55,10,2,2,0
322808,0,7,12,46,53,55,19,10,2,1
431,0,7,11,22,26,37,27,12,10,4
480307,6,5,23,77,61,16,5,4,2,0
186559,2,8,38,53,113,55,18,5,1,3
387933,3,7,15,66,104,33,10,3,1,0
11262,8,6,22,40,55,37,21,9,1,0
810495,0,2,8,38,66,29,5,0,0,0
82452,2,6,34,53,71,54,32,11,6,3
739933,12,24,38,47,29,3,4,1,1,0
3960,0,5,27,53,70,50,38,20,7,2
196255,0,1,14,47,62,63,48,24,7,3
747860,0,4,6,6,39,57,50,32,10,8
519623,1,0,3,20,68,48,11,4,3,1
636229,0,2,9,36,83,80,21,1,2,0
112947,1,3,10,28,66,70,50,35,12,15
850114,2,3,7,11,39,65,43,16,10,4
37441,3,2,4,9,24,27,24,22,23,12
489336,2,3,2,24,54,44,21,9,3,0
763784,0,3,11,36,89,69,37,10,8,1
14863,1,1,5,6,27,30,11,8,3,3
881450,0,0,3,16,35,46,22,3,2,0
605802,0,0,0,10,27,50,26,9,2,0
230375,0,2,7,20,101,88,44,16,6,3
827041,0,0,1,18,46,67,13,8,4,3
598271,4,9,21,77,27,5,1,0,0,0
238149,5,3,10,33,85,63,20,12,3,1
386662,1,5,10,30,55,34,11,12,2,0
92643,2,4,16,31,95,81,67,34,13,7
470313,0,2,6,26,55,73,35,21,9,9
30507,6,5,23,31,44,18,4,3,0,1
52112,0,5,13,17,42,52,34,23,5,6
798835,0,1,10,24,50,36,8,1,0,0
910040,2,3,11,31,38,22,19,4,4,3
911872,1,1,5,9,36,48,18,9,1,0
224941,0,14,34,63,103,44,11,3,1,1
113462,2,9,13,71,98,55,14,5,3,2
869194,4,9,29,74,76,18,4,1,0,0
547917,0,0,3,16,31,69,44,36,13,6
65846,0,9,30,72,78,50,15,11,6,2
366084,4,4,20,46,64,48,8,7,2,2
460238,4,7,13,73,172,110,42,22,9,7
415102,21,37,57,74,40,9,6,3,0,0
483819,0,7,11,41,58,29,12,3,5,3
342607,1,3,14,44,57,80,34,16,7,4
469699,7,10,22,56,77,26,9,4,0,0
860481,2,1,5,3,29,52,27,13,2,1
359241,0,4,5,42,74,53,26,17,2,3
311374,3,11,16,56,67,41,5,3,1,0
846018,0,0,2,11,46,66,43,24,10,9
287127,0,1,7,29,68,48,17,7,2,1
585574,1,1,1,21,56,50,30,14,8,3
254896,4,17,34,73,97,56,21,14,3,3
156130,3,11,32,56,113,67,25,14,3,0
13827,2,7,14,38,63,43,20,6,1,4
39646,12,17,41,59,44,30,19,12,6,5
577298,0,2,3,20,46,59,40,11,7,1
289254,62,60,78,92,37,14,5,5,2,0
798617,0,1,2,9,32,37,29,11,5,3
329180,1,2,13,35,57,58,26,16,5,3
221485,8,29,54,116,134,31,12,4,1,1
277026,3,6,15,42,82,67,45,18,6,12
570952,0,0,0,19,60,66,41,17,1,1
373409,1,2,9,24,56,79,33,16,5,4
869819,3,5,12,64,96,21,2,1,0,0
783629,1,1,14,42,49,18,5,1,1,0
400786,8,6,21,52,74,71,37,29,14,12
790765,1,4,1,16,25,49,35,37,19,23
948988,0,0,8,24,76,24,4,1,1,0
879590,0,1,5,20,46,42,8,6,1,0
53717,1,2,7,15,34,54,61,37,13,12
738128,0,2,3,12,29,78,109,63,27,19
492307,3,12,22,57,60,18,4,0,0,1
460477,0,6,8,43,133,137,66,44,13,6
943942,1,5,9,45,47,27,9,2,0,0
81779,0,0,6,20,56,47,35,16,5,2
405769,7,10,20,49,48,17,7,1,1,0
591560,5,7,15,71,69,28,13,7,3,2
779718,0,0,1,9,52,76,15,8,1,1
98255,7,13,34,62,94,65,41,22,3,3
416043,1,11,23,81,92,31,13,4,3,2
248545,6,19,41,88,75,46,13,3,3,3
735065,1,0,9,25,58,28,8,0,0,0
769772,1,1,10,36,69,31,20,3,1,0
730819,4,11,10,22,49,34,32,8,5,1
68162,4,7,12,26,56,58,33,30,16,7
4934,2,9,13,22,56,75,46,19,7,7
248364,2,4,10,24,68,45,19,8,3,3
475869,12,10,26,71,36,11,7,6,0,0
633748,1,1,4,36,88,73,16,3,0,0
264100,1,3,3,28,82,88,48,17,6,3
597277,0,1,6,15,68,65,25,15,3,0
823792,0,0,0,2,17,36,47,33,11,7
899391,1,2,5,17,61,57,15,8,0,0
931010,1,1,5,9,40,74,36,17,2,0
467190,0,1,2,19,62,53,23,6,8,2
13231,0,3,9,23,31,22,6,4,1,2
13096,0,1,8,18,23,26,13,3,3,2
322826,2,6,17,64,90,56,16,6,9,3
714848,0,0,4,9,53,60,25,3,2,3
9474,1,1,9,22,45,60,50,39,17,12
654728,0,0,7,15,63,52,31,19,4,4
810118,0,0,5,16,52,43,19,8,0,0
447865,0,1,1,9,36,127,94,56,23,9
571863,0,1,6,31,68,65,22,13,6,1
86257,0,0,11,33,85,64,30,13,1,3
375545,1,2,3,35,54,62,19,11,1,1
24042,19,44,73,57,31,10,3,1,0,0
689598,0,3,16,39,66,34,11,10,1,2
5984,11,30,66,77,85,29,12,0,0,0
204712,0,3,7,37,106,40,16,3,3,0
922719,0,4,4,22,50,26,4,5,0,0
943138,0,1,7,19,61,46,7,2,0,0
20778,3,10,17,27,34,50,39,42,22,8
699353,2,4,12,30,75,64,24,13,3,4
618338,0,0,3,8,34,58,31,3,3,2
854031,6,3,5,33,45,41,20,8,2,1
29177,5,10,16,36,59,44,30,9,2,6
800849,1,4,4,30,70,20,9,1,1,0
263529,9,13,17,56,72,46,32,16,8,4
839975,1,0,1,4,30,41,40,14,7,4
745205,0,0,0,5,31,55,37,23,8,5
449323,0,0,4,18,57,45,12,6,0,3
117287,0,3,12,45,74,30,11,2,4,0
731857,0,1,9,36,53,51,26,16,9,3
270307,3,19,50,76,88,31,8,2,0,1
763495,0,2,2,3,30,35,28,19,11,6
166254,0,3,7,44,93,56,26,7,3,0
163672,2,8,27,70,101,53,17,12,1,3
5139,0,1,2,7,15,20,57,51,64,77
667361,0,1,2,20,48,33,12,5,4,1
810204,0,2,9,11,48,44,22,6,5,2
95162,5,7,23,46,82,41,11,7,2,0
591509,0,4,8,41,81,45,14,7,0,3
882096,1,3,3,24,67,49,18,7,3,1
168450,4,9,22,54,95,36,15,2,0,1
607431,0,2,3,17,34,46,15,5,1,0
13684,1,1,9,25,48,57,31,23,9,5
360281,1,0,3,5,30,39,43,28,15,31
921722,7,20,34,50,42,9,4,1,1,0
343536,0,3,10,13,45,57,58,44,28,12
740439,6,10,18,37,43,37,6,5,0,1
717175,0,2,14,27,53,44,19,14,8,2
423502,4,5,15,38,59,48,18,10,0,5
646197,1,3,7,29,65,66,35,15,6,2
875224,1,5,15,28,56,51,30,11,5,1
1925,10,12,39,44,57,33,15,0,3,0
735357,0,3,8,26,60,26,2,0,1,0
639624,0,0,5,18,56,56,35,11,3,2
878400,2,6,14,57,54,22,6,0,3,1
141225,2,4,15,40,92,76,34,11,3,2
298026,1,8,18,36,75,72,38,31,8,3
921686,0,1,5,10,34,52,37,20,5,3
551363,1,0,6,25,52,21,5,2,3,0
530166,1,1,4,24,45,33,23,6,1,0
676047,0,2,4,15,48,54,17,10,1,1
945168,1,7,7,45,71,24,4,1,0,0
945135,0,4,15,20,59,46,15,3,1,1
306437,1,1,5,15,55,76,45,31,18,17
181503,0,3,6,15,55,84,59,36,26,20
818664,0,4,6,15,41,40,31,9,7,1
52370,2,7,19,43,58,38,17,7,5,1
627861,2,2,11,38,86,49,26,9,1,0
644377,0,1,6,30,68,56,20,8,1,2
597009,1,0,1,2,21,49,36,16,11,1
226537,0,12,25,57,80,31,21,5,8,4
357870,2,3,7,29,75,82,56,20,14,7
42016,0,2,19,30,51,25,5,5,1,0
175385,0,0,1,5,33,55,39,15,16,10
204838,3,1,3,23,43,49,39,32,11,13
5270,42,53,60,68,40,15,4,1,1,1
384119,6,7,24,59,62,39,17,4,4,0
439769,0,1,3,16,38,58,37,19,8,5
705354,0,1,7,28,52,49,13,7,1,1
40678,0,3,5,17,48,66,49,31,19,6
56050,5,7,22,52,93,43,21,11,4,1
21163,1,1,15,31,70,40,16,3,2,0
505712,1,4,20,62,52,27,8,3,1,2
308086,1,0,0,10,28,47,46,45,15,8
95614,2,16,26,50,91,46,16,3,0,1
811061,0,2,3,19,38,58,35,20,7,5
886817,0,1,4,17,55,33,24,5,4,2
858010,0,4,4,15,54,53,36,14,7,3
42588,6,9,17,33,58,49,25,18,11,8
873558,0,3,16,33,67,66,25,10,5,1
354733,7,9,40,82,114,52,23,12,2,4
467383,0,2,7,33,51,44,18,3,2,1
925619,0,3,4,21,67,34,11,2,0,1
778054,0,0,1,14,59,67,32,20,8,3
819778,1,6,13,44,70,41,16,0,3,4
778143,0,0,4,14,43,61,23,9,6,3
599456,0,0,1,36,73,26,4,3,1,0
432325,1,6,20,64,68,21,3,1,0,2
693956,4,4,16,35,62,21,3,4,1,0
378950,5,6,23,40,82,41,18,6,2,0
45177,1,4,11,30,47,27,8,8,3,4
288680,0,5,20,40,46,39,20,11,2,2
544048,4,2,9,28,72,52,13,4,1,1
931808,0,3,2,19,44,51,30,17,8,7
152289,25,36,55,99,89,26,16,4,4,4
2599,9,18,33,41,58,36,16,7,1,1
25614,4,11,12,53,72,37,25,8,6,0
132310,0,14,19,48,125,80,35,11,4,2
210705,0,4,19,43,65,46,21,6,8,3
886445,1,1,2,15,40,79,59,21,8,5
856229,9,22,30,73,92,37,11,5,1,0
714112,1,7,11,25,52,35,15,12,1,4
373255,1,7,16,53,83,55,22,8,1,1
241637,2,4,16,46,86,59,23,18,4,3
37378,9,5,21,36,44,20,7,3,1,2
483194,0,0,4,18,54,42,25,4,1,1
721999,6,12,32,56,44,15,8,1,0,0
185924,2,8,11,52,93,29,10,10,2,1
487658,1,3,10,33,62,27,17,9,2,1
102952,1,0,10,41,78,61,17,2,2,0
185982,3,6,8,46,88,58,13,3,2,0
854021,1,2,3,15,50,60,17,8,1,1
777530,0,1,5,11,42,47,32,6,10,2
420712,0,3,3,11,45,66,31,18,6,4
818007,1,1,7,21,45,31,19,3,2,1
832498,0,1,1,8,55,55,19,3,1,0
230130,3,6,21,60,88,81,23,11,5,4
305150,0,6,10,26,68,50,18,5,0,0
300053,14,14,41,74,64,20,12,3,1,0
789,1,4,5,18,24,25,40,32,27,9
44106,48,36,39,51,37,8,6,6,0,1
633363,0,0,5,14,62,69,48,20,5,2
317808,0,2,12,36,57,19,6,2,2,0
812287,0,1,3,10,54,57,28,14,5,4
685348,2,8,12,48,104,115,47,39,11,6
858199,3,2,11,29,74,72,39,18,12,4
881082,1,0,4,19,51,29,17,3,0,0
334967,2,3,17,59,116,59,43,10,4,1
99911,2,8,23,55,109,59,21,10,9,1
920868,1,2,6,29,37,46,9,3,1,0
900511,0,3,2,14,41,51,17,7,5,1
394634,0,2,7,19,78,54,14,6,0,2
909673,2,0,10,25,42,46,23,7,1,1
170503,5,7,41,75,124,53,19,7,6,1
237230,0,6,14,26,61,52,20,14,12,4
123460,3,5,11,47,85,78,35,18,6,1
159513,0,1,5,11,59,63,33,14,6,2
832352,0,1,2,4,46,57,16,10,2,6
808488,4,1,16,42,74,76,39,28,22,3
208467,1,4,11,40,67,44,12,2,2,0
841597,13,16,33,57,39,23,5,2,1,2
942232,2,3,16,34,59,39,21,8,3,3
111434,1,4,14,38,87,42,16,5,0,1
270481,4,11,29,64,81,48,22,2,1,0
361380,1,3,21,38,55,37,19,11,3,4
77132,0,1,2,14,43,54,38,15,6,1
908719,4,2,9,22,29,45,12,8,3,0
322153,2,6,25,59,77,46,16,15,6,8
328312,1,1,6,19,42,59,28,8,2,5
360899,1,5,14,36,54,78,35,23,8,6
517739,0,1,4,16,42,53,43,21,8,6
10959,2,8,22,37,39,49,40,17,17,4
19767,0,0,0,14,37,44,26,15,4,1
605315,0,0,8,10,30,43,14,6,4,1
864728,1,5,6,26,56,31,9,4,0,0
847993,1,5,12,24,62,60,27,10,5,8
702161,0,4,8,30,68,53,37,12,6,6
146591,4,10,21,98,119,50,26,5,2,2
878165,6,11,20,35,51,18,7,4,2,3
773853,0,2,8,32,72,55,33,12,4,2
423329,0,4,15,33,80,35,8,4,1,1
772490,9,10,23,78,153,160,49,22,2,2
451023,0,0,5,39,135,117,41,16,3,1
27049,10,21,35,69,52,36,9,6,3,1
409187,5,17,35,76,75,19,6,2,1,0
105451,1,3,23,44,114,76,30,10,2,1
664125,14,11,44,55,41,19,5,1,2,1
775236,4,6,24,63,55,24,7,5,0,0
176256,24,25,60,73,53,22,12,2,0,0
912961,12,9,13,34,47,35,6,3,1,2
420932,2,0,2,5,15,52,54,64,41,30
824948,0,0,0,4,29,54,41,11,4,4
512557,0,0,2,19,58,71,40,25,5,4
722733,0,3,4,9,30,42,26,7,2,1
66439,1,7,6,30,80,75,42,26,14,8
420993,4,14,35,50,74,33,12,12,3,1
687634,1,0,11,22,46,45,25,15,3,1
135743,2,3,3,15,48,54,29,13,6,2
665416,0,0,2,5,16,48,46,33,28,13
476809,3,6,12,50,50,54,25,13,5,0
368114,1,2,9,25,72,97,52,31,4,5
231001,12,15,41,92,74,28,11,3,0,3
905155,1,0,6,16,43,50,27,15,9,3
737941,0,1,3,11,32,66,32,9,6,2
635994,1,0,10,30,84,78,29,6,3,0
793557,6,13,18,57,58,29,8,3,4,1
505595,0,1,1,12,46,65,27,8,6,1
218842,0,11,25,55,144,58,30,13,8,6
635863,0,0,6,19,73,101,29,5,3,0
929621,1,1,2,16,35,52,45,19,7,3
658031,2,4,6,24,72,49,14,4,1,0
774728,0,0,5,20,38,64,36,18,5,3
586120,0,0,0,4,17,54,46,27,5,2
940863,9,8,20,42,82,34,8,13,1,1
619692,2,5,5,39,56,48,22,10,1,2
633123,0,1,2,9,60,91,64,30,13,4
932992,1,2,4,17,58,51,7,5,1,1
129034,0,2,9,28,34,44,21,8,2,9
664580,3,9,22,50,50,42,17,3,4,0
17684,3,1,9,29,39,51,43,36,23,12
279985,2,6,3,17,62,127,100,66,35,16
345390,31,36,59,55,59,17,7,0,1,0
730318,0,1,7,22,53,40,31,15,2,4
151275,8,17,30,73,102,47,24,11,4,1
81584,2,3,20,38,68,37,19,3,2,0
10693,2,4,15,36,62,41,30,5,5,3
337316,2,10,19,51,69,42,12,8,2,1
374010,2,4,17,37,65,55,18,8,3,3
122177,2,12,43,92,107,33,5,4,1,2
76329,1,3,12,40,44,32,22,10,0,1
704371,0,3,6,16,32,34,47,28,14,1
501128,1,3,2,11,70,42,25,4,2,0
565948,1,1,6,32,70,51,20,8,1,1
120580,11,26,56,107,69,20,6,3,3,1
458511,0,2,3,26,54,59,36,10,2,3
494550,1,1,6,18,43,49,22,13,1,5
817974,0,0,3,5,15,31,33,21,20,14
743266,0,1,2,10,39,117,93,50,18,12
485183,0,1,3,20,62,58,23,14,4,0
449094,0,1,4,35,98,115,72,18,5,3
238872,0,1,8,33,66,48,17,5,7,0
206177,5,13,26,70,81,38,14,6,1,1
461391,0,0,4,14,44,53,38,29,11,2
317356,2,8,18,37,65,65,36,13,4,4
284080,86,82,77,52,20,4,3,1,2,1
367166,1,1,9,27,84,53,17,3,1,0
301232,1,4,19,37,68,36,23,10,8,4
314836,0,6,33,56,56,15,3,3,0,0
775976,0,1,7,15,37,58,34,16,9,4
442184,0,0,5,26,57,62,48,23,9,6
257636,0,0,3,6,51,88,51,37,31,6
538116,0,2,4,10,43,50,20,2,4,1
218316,1,13,35,72,134,54,23,7,2,3
121892,0,1,21,47,62,22,15,9,4,0
777772,0,0,2,7,35,50,20,9,8,1
693824,1,2,2,21,55,45,15,7,3,0
795201,0,0,4,12,49,44,14,5,0,2
51569,0,3,14,25,51,42,39,17,3,6
881016,1,0,6,16,43,44,13,1,0,0
270650,3,5,21,72,100,53,13,7,1,0
218057,4,8,21,63,125,44,12,3,0,3
784353,0,1,3,15,42,72,41,21,8,4
853082,4,4,12,34,70,51,28,8,10,3
95064,26,36,49,70,40,12,1,0,0,0
7342,3,5,8,22,40,61,58,41,24,5
343969,4,18,38,74,72,22,8,1,1,0
433558,0,1,5,15,59,43,12,5,2,2
161146,0,1,5,10,64,49,44,25,7,5
546851,0,0,3,27,40,23,13,1,0,0
400904,0,8,20,50,56,13,10,2,2,1
658485,0,1,5,17,49,59,32,13,5,0
311895,2,1,10,40,71,49,10,6,3,1
296341,0,1,12,40,75,89,46,23,6,6
124925,0,0,4,18,52,60,20,19,1,2
129557,13,43,70,101,71,14,8,0,3,1
545582,0,1,4,8,38,40,13,7,0,1
305544,2,16,28,74,68,30,7,0,2,1
362286,3,5,28,37,68,36,22,10,2,2
317125,0,0,0,4,34,43,41,14,6,5
648755,1,7,20,40,88,42,20,4,0,0
949010,0,1,4,22,40,42,10,3,1,0
10454,1,3,16,28,73,43,19,12,3,1
815621,0,0,8,15,44,48,18,3,2,0
24820,5,7,14,35,81,62,49,15,7,3
182840,0,4,12,56,104,34,18,6,3,1
684543,0,1,0,10,33,69,49,22,7,4
86332,4,10,24,63,82,50,29,12,7,4
597579,0,1,4,24,55,66,33,19,5,4
154173,5,8,23,82,109,55,37,19,9,11
365857,4,7,21,55,107,65,27,4,2,0
642949,0,0,6,30,74,79,36,20,9,2
529534,0,0,0,10,35,59,30,10,4,0
607292,0,0,5,30,66,14,2,3,1,1
587546,0,5,10,29,46,37,21,11,6,4
839693,1,2,13,32,58,39,12,4,3,0
869216,0,1,10,32,55,56,34,17,4,2
734696,0,2,1,6,34,49,34,7,3,2
795704,8,1,8,24,50,54,23,19,6,7
91050,14,25,67,81,54,45,11,8,3,2
567204,4,14,23,76,63,22,8,5,0,0
582211,0,4,4,26,53,39,20,4,2,0
842944,2,3,15,41,78,23,6,0,0,0
262539,4,14,37,76,49,25,9,3,1,4
871422,3,5,11,42,80,61,21,7,1,4
47221,0,0,4,4,33,39,28,20,4,7
14941,0,3,5,22,29,18,4,4,1,0
933814,1,2,6,22,42,67,32,14,3,3
37652,0,2,6,29,45,43,18,7,1,1
709912,0,1,2,11,57,69,31,10,8,3
957751,2,4,9,32,49,61,16,17,4,2
366647,1,0,11,19,57,97,58,37,17,6
777730,0,0,6,14,51,54,21,10,3,0
470560,0,7,13,55,73,35,13,3,1,0
666449,0,7,12,45,51,15,5,2,1,0
505866,1,6,10,50,100,60,14,5,2,0
401936,2,6,12,34,71,48,15,3,1,1
499474,1,2,4,6,44,61,33,14,10,1
686468,3,5,15,24,42,50,10,7,2,0
926190,0,0,2,5,18,56,44,25,12,5
925664,9,5,2,9,19,34,22,21,13,6
250002,3,1,6,20,53,57,31,25,7,4
133779,1,2,8,45,94,46,19,9,2,0
183731,25,14,25,48,51,54,43,18,13,13
73751,2,10,18,48,62,64,35,23,8,8
793717,1,13,16,47,69,25,7,6,0,1
803566,24,14,27,23,30,6,5,2,0,2
733687,0,1,2,8,47,45,12,7,3,1
562253,1,0,3,5,39,72,46,37,14,7
505812,2,2,3,24,49,46,18,8,2,2
11480,1,3,18,41,68,32,24,7,9,0
485738,0,2,3,9,45,55,38,22,9,11
74261,2,3,11,56,95,59,35,11,4,2
263075,1,3,8,25,65,80,51,29,17,3
482764,1,3,7,24,62,32,14,6,3,2
898917,0,3,3,24,60,43,14,3,2,1
768148,6,18,43,66,74,15,3,1,1,0
882257,0,0,3,9,37,48,26,3,2,0
81062,1,2,11,37,49,50,24,13,4,3
229610,1,10,30,93,103,40,17,4,1,1
94044,5,15,27,70,81,45,16,6,1,1
226798,2,6,20,75,82,47,15,4,2,3
250203,2,5,21,40,85,33,9,2,0,0
103558,0,2,4,20,65,53,29,13,7,4
598004,0,3,4,29,60,38,7,4,0,3
32826,0,0,2,8,32,35,34,22,9,2
254619,9,9,22,64,63,46,25,13,9,6
554087,7,7,26,63,62,30,14,3,1,0
545747,0,0,1,5,17,42,26,15,3,2
941496,1,0,2,7,24,57,42,24,12,4
497936,15,4,12,45,64,32,14,7,3,5
415513,1,0,1,18,57,65,27,12,0,1
943901,0,3,5,14,25,64,59,37,20,11
418244,0,1,15,33,84,62,25,12,5,7
625409,0,1,0,16,20,65,59,42,17,11
278556,1,1,11,32,81,75,33,7,5,1
288741,0,0,6,25,80,64,18,4,4,5
159359,3,4,20,55,85,48,17,7,1,1
365957,1,8,6,18,73,75,60,42,17,8
233773,1,2,16,55,83,43,14,11,1,4
349504,14,22,42,67,75,37,15,3,0,1
153031,11,20,33,91,90,70,31,8,2,3
336917,2,2,9,31,77,56,28,11,3,1
824502,0,4,6,31,52,38,18,2,2,1
41181,1,7,27,47,57,40,36,11,5,1
950983,0,2,9,21,60,47,15,7,6,1
947135,3,4,11,21,66,61,31,20,10,5
759176,0,0,8,34,74,38,20,5,2,1
253936,1,3,11,28,71,87,46,19,8,8
512329,0,7,14,62,104,65,24,7,0,1
65267,3,15,29,61,78,39,22,14,2,3
321407,0,4,13,34,67,49,20,7,3,1
827661,13,10,35,53,53,24,8,5,2,1
482826,0,0,3,19,60,38,13,4,2,0
637908,4,8,27,70,64,36,12,11,3,3
321401,0,9,16,47,88,28,14,5,3,2
522218,0,0,3,15,58,68,17,5,3,1
430479,0,0,2,23,69,48,22,13,1,0
63167,0,3,1,23,51,44,19,5,3,2
289907,3,5,14,23,75,56,22,14,4,3
111888,0,2,8,14,51,60,34,26,12,2
167823,0,0,2,17,75,74,32,14,7,8
67587,2,10,22,43,68,64,31,13,4,4
943497,1,1,4,6,31,55,46,14,8,3
717592,5,16,17,57,51,20,9,1,2,1
558246,0,2,1,24,61,37,6,1,1,0
759518,1,4,18,41,68,51,16,8,5,2
863649,0,0,3,13,38,55,25,11,0,1
50841,1,0,4,9,33,41,32,16,9,7
647652,1,3,9,36,89,57,17,6,2,0
420464,2,5,12,30,64,50,18,3,3,1
760042,0,5,13,41,59,42,18,8,4,2
614562,0,1,0,5,27,63,35,20,8,10
217606,3,2,11,25,85,110,70,39,13,6
832856,1,3,4,10,29,70,42,21,14,10
111772,5,19,40,70,50,19,4,4,0,0
827532,11,12,15,45,53,35,14,12,3,3
949628,0,1,1,3,14,32,55,55,26,29
741232,1,1,5,14,64,49,13,1,0,0
77527,5,11,22,32,73,51,39,23,8,7
467051,0,0,6,20,63,67,15,1,0,1
879967,40,21,31,39,18,4,3,0,0,2
705637,1,5,5,12,32,37,31,20,4,1
121457,3,11,27,59,97,57,23,6,3,4
887425,8,15,32,69,55,25,14,8,3,3
668681,3,3,10,36,57,26,14,5,0,1
673566,0,0,2,4,25,54,35,24,11,14
474370,3,6,12,42,46,38,18,15,11,1
569017,0,1,5,35,83,50,20,4,1,0
888187,0,1,8,33,52,48,25,10,4,1
27086,10,18,32,60,65,36,12,1,0,0
448133,2,8,27,63,81,21,8,0,0,1
