image_id,quality,cl1,cl2,cl3,cl4,cl5,cl6,cl7,cl8,cl9,cl10,cl11
farm1_274_19978875498_c87f08da92_b.jpg,0.675,0.1,0.1,0.8,0.0,-0.2,0.0,0.4,0.0,0.0,0.5,0.1
farm1_377_19573063863_4fba56066a_b.jpg,0.5,0.2,0.0,0.6,-0.2,0.2,0.0,0.8,0.0,0.2,0.0,-0.4
farm1_340_20166552316_059407621b_b.jpg,0.7,0.2,0.8,0.6,0.0,0.4,0.0,0.2,0.0,0.4,0.0,-0.2
farm1_389_19537308773_9c608088c5_b.jpg,0.25,0.2,-0.2,-0.4,-0.4,-0.8,0.0,-0.2,0.6,0.0,0.0,-0.4
farm1_260_19482732344_caf66428db_b.jpg,0.35,-0.2,0.2,0.2,-0.2,-0.2,0.0,0.0,0.0,-0.4,0.0,0.2
farm1_261_20251498896_b4772bddf8_b.jpg,0.45,0.2,0.2,0.2,0.2,0.0,0.0,-0.2,0.0,0.2,0.0,-0.2
farm1_337_19650072843_21512d2cb9_b.jpg,0.65,0.0,0.6,-0.2,0.0,0.6,0.0,0.2,0.0,0.0,0.0,0.2
farm1_336_19982160930_c0d596bf82_b.jpg,0.35,-0.2,0.0,0.2,0.0,-0.2,0.0,-0.2,0.0,0.2,0.0,-0.2
farm4_3755_20013200759_15c66b5139_b.jpg,0.35,0.2,0.4,-0.4,0.2,-0.4,0.0,0.4,0.0,0.0,0.0,-0.4
farm1_396_19951604628_a063f9010e_b.jpg,0.3,0.0,-0.2,-0.6,0.0,0.2,0.0,-0.2,0.2,0.0,0.0,-0.8
farm1_282_20081796720_0aff4122a5_b.jpg,0.85,0.2,0.6,1.0,0.0,0.6,0.0,0.4,0.0,0.0,0.0,0.2
farm1_355_19445309263_f2f8e14f7f_b.jpg,0.65,-0.2,0.6,0.6,-0.2,0.2,0.0,0.0,0.2,0.2,0.0,0.4
farm1_310_20168606566_20a849286a_b.jpg,0.8,0.0,0.4,1.0,0.0,0.2,0.0,0.4,0.0,-0.2,0.0,0.6
farm4_3768_20130301812_c2cddc6e3e_b.jpg,0.7,0.2,1.0,0.6,0.0,0.2,0.0,-0.4,0.2,0.2,0.0,0.2
farm1_294_20084241436_6c602358c8_b.jpg,0.45,0.0,0.0,1.0,0.0,-0.2,0.0,-0.2,0.0,-0.2,0.0,0.2
farm1_382_20051944432_f1141e2311_b.jpg,0.6,0.2,0.6,1.0,0.2,0.2,0.0,-0.4,0.0,0.0,0.0,0.0
farm1_284_20184252022_32f93a3817_b.jpg,0.15,-0.2,-0.2,-0.2,-0.2,-0.8,-0.2,-0.4,0.0,-0.4,0.0,0.2
farm1_352_19983117390_3d4342a2cf_b.jpg,0.45,-0.2,0.2,0.2,0.0,-0.4,0.2,0.0,0.0,0.4,0.0,0.0
farm1_316_19578800704_2f3df3cfd7_b.jpg,0.85,0.0,0.6,0.6,0.6,0.2,0.0,0.8,0.0,0.0,0.0,0.2
farm1_296_19987178948_de37e838f6_b.jpg,0.6,0.4,0.8,0.4,0.2,-0.4,-0.2,0.0,0.2,0.0,0.0,-0.2
farm1_350_19970665038_d5f761c90b_b.jpg,0.7,0.4,0.4,0.4,0.0,0.4,0.0,-0.4,0.2,0.0,0.2,0.0
farm1_306_20079266780_e15cfa29d0_b.jpg,0.95,0.2,1.0,1.0,0.4,0.6,0.0,1.0,0.2,0.2,0.2,0.2
farm1_365_20325847135_c2f0a8487c_b.jpg,0.35,0.0,0.0,0.2,-0.4,0.0,0.0,-0.4,0.0,-0.2,0.0,0.0
farm1_330_19986234775_1085b4a0b9_b.jpg,0.35,-0.2,0.0,0.2,0.0,0.0,0.0,-0.2,0.0,-0.6,0.0,0.2
farm1_301_20068202766_fee544d9ae_b.jpg,0.5,0.0,0.2,0.8,0.0,0.0,-0.2,0.4,0.0,-0.2,0.0,0.2
farm1_325_19977785862_19779014ae_b.jpg,0.6,0.4,0.0,0.0,0.6,-0.2,0.2,-0.2,0.0,-0.2,0.0,-0.4
farm1_333_20190517091_4329430f28_b.jpg,0.3,0.0,0.0,-0.6,-0.2,-0.4,0.0,0.0,0.0,0.0,0.0,-0.2
farm1_393_20138562090_871df76809_b.jpg,0.3,-0.2,0.2,-0.4,-0.2,0.0,0.0,-1.0,0.0,0.0,0.0,-0.2
farm1_382_19894147218_f4130ac0ce_b.jpg,0.25,-0.2,-0.2,-0.4,0.0,0.0,-0.2,-0.8,0.2,0.2,0.0,-0.6
farm1_404_19972094578_54037f63d7_b.jpg,0.8,0.0,0.5,0.5,0.0,0.0,0.0,0.5,0.0,0.167,0.167,0.833
farm1_277_20275569401_f55cd4c269_b.jpg,0.5,0.2,0.2,0.4,0.0,0.2,0.0,0.4,0.0,-0.2,0.0,-0.2
farm1_443_20101430612_973ddfe82a_b.jpg,0.75,0.4,0.2,0.6,0.4,0.0,0.0,1.0,0.0,0.2,0.0,0.4
farm1_477_20068177072_127b0a313e_b.jpg,0.35,0.0,0.4,0.0,0.0,-0.2,0.0,-0.8,0.0,0.0,0.0,-0.2
farm4_3825_20081770706_5736b6f4dd_b.jpg,0.7,0.0,0.6,0.2,0.0,0.4,0.0,0.2,0.2,0.2,0.0,0.2
farm1_321_19956050958_b958be9aa5_b.jpg,0.25,0.0,0.2,-0.2,-0.2,-0.6,0.0,0.2,0.0,0.0,0.0,-0.6
farm1_325_20006015819_2e7d068a73_b.jpg,0.75,0.0,0.6,1.0,0.0,0.4,0.0,0.0,0.0,0.2,0.0,0.2
farm1_382_19798747309_e1281264a2_b.jpg,0.55,0.2,-0.2,1.0,0.0,-0.2,0.0,0.0,0.0,0.0,0.0,0.0
farm1_377_20200931995_c48800ba9d_b.jpg,0.85,0.0,0.0,0.8,0.8,0.6,0.0,0.4,0.0,0.2,0.0,0.0
farm1_257_19646503943_8749ea412b_b.jpg,0.75,0.0,0.8,0.4,0.2,0.2,0.0,0.8,0.0,0.4,0.0,0.6
farm1_386_20146428702_6652c9718b_b.jpg,0.5,0.2,0.2,0.2,0.4,0.0,0.0,0.4,0.0,-0.2,0.0,-0.4
farm1_303_19552135484_c303120d68_b.jpg,0.4,0.0,0.0,0.6,-0.2,0.4,-0.6,-0.2,0.0,0.0,0.0,0.0
farm1_326_19659290314_1cd5f108c8_b.jpg,0.45,0.4,0.0,-0.4,-0.2,-0.4,0.0,0.2,0.0,0.4,0.0,-0.2
farm1_261_20026262320_50cee2e6fe_b.jpg,0.4,0.0,0.2,-0.4,-0.4,0.0,0.0,0.0,0.0,0.0,0.0,-0.2
farm1_479_19913299348_840f7a9149_b.jpg,0.8,0.0,0.8,1.0,0.0,0.8,0.0,0.6,0.0,0.2,0.0,0.4
farm1_276_19705424393_5185076c17_b.jpg,0.35,-0.2,0.6,-0.2,0.0,0.0,0.0,-1.0,0.0,-0.2,0.2,0.0
farm1_338_20009888959_79d2507b43_b.jpg,0.65,0.0,0.2,0.6,0.0,0.2,0.0,-0.2,0.0,0.0,0.0,0.2
farm1_286_19560857613_da3c15db14_b.jpg,0.438,-0.2,0.0,0.4,0.0,0.0,0.0,-0.4,0.2,-0.2,0.0,0.4
farm1_371_19705832873_8be4c91468_b.jpg,0.15,-0.2,-0.2,-0.2,-0.4,-0.2,0.0,-0.8,0.0,-0.4,0.2,-0.6
farm1_255_19591276064_e10b2b4791_b.jpg,0.55,0.2,0.4,0.2,0.4,0.2,0.0,0.2,0.0,0.0,0.0,-0.2
farm1_423_20011160990_244fc9186d_b.jpg,0.4,0.0,0.0,0.6,-0.2,-0.2,0.0,0.4,0.0,0.0,0.0,-1.0
farm1_348_20082308581_2edee4954e_b.jpg,0.3,0.2,0.0,-0.2,0.0,-0.8,0.0,0.2,0.0,0.0,0.0,-0.4
farm1_314_20125292212_72ff6c60b9_b.jpg,0.45,-0.2,0.4,0.4,-0.2,-0.2,0.0,-0.2,0.0,-0.2,0.0,0.6
farm1_371_19471924274_0743250f6a_b.jpg,0.062,0.0,0.2,-0.8,0.0,-0.2,0.0,-0.8,0.0,-0.2,0.0,-0.6
farm1_280_19915720540_8dea1dbd46_b.jpg,0.25,0.2,0.2,0.2,0.0,-0.8,0.0,-0.8,0.0,0.0,0.0,-0.6
farm1_272_20326249322_dd0c200eae_b.jpg,0.7,0.0,0.4,0.4,0.8,0.0,0.0,0.6,0.0,0.0,0.0,0.2
farm1_534_20161502042_bdac432e46_b.jpg,0.65,0.2,0.4,0.0,-0.2,0.0,-0.2,0.0,0.4,0.2,0.4,0.0
farm1_542_20108420325_47100db6c1_b.jpg,0.5,0.2,0.6,0.8,0.0,-0.6,0.0,0.0,0.0,0.0,0.0,0.0
farm1_299_19359033614_7a313eb34c_b.jpg,0.3,0.0,0.2,-0.2,0.4,0.0,-0.2,-0.4,0.0,-0.2,0.0,0.0
farm1_271_20063205446_7f017d0198_b.jpg,0.75,0.0,0.6,1.0,0.0,0.2,0.0,0.6,0.0,0.0,0.0,0.6
farm1_286_20086755410_6fec6e0d6f_b.jpg,0.65,0.2,0.4,0.4,0.2,0.4,0.0,0.8,0.0,0.4,0.0,-0.2
farm1_255_20073269062_d169b4f946_b.jpg,0.7,0.6,0.8,0.8,0.4,0.2,0.0,0.8,0.0,0.0,0.0,0.4
farm4_3761_20093591510_67a1fdf074_b.jpg,0.15,-0.4,0.2,-0.6,-0.2,-1.0,0.0,0.2,0.0,-0.2,0.0,0.0
farm1_361_20083828621_983fdd87e0_b.jpg,0.5,-0.4,0.2,-0.2,0.0,0.2,0.0,1.0,0.0,-0.2,0.0,0.6
farm4_3791_19990974109_a9a2784bec_b.jpg,0.4,0.2,0.2,0.6,0.0,-1.0,0.0,0.4,0.0,0.0,0.0,-0.6
farm1_533_19639528114_dd9f943553_b.jpg,0.55,0.2,0.4,0.6,0.2,0.0,0.0,0.6,0.2,-0.2,0.4,0.0
farm1_525_19654286434_ebd58392f3_b.jpg,0.85,0.0,0.8,0.8,0.4,0.0,0.0,0.4,0.8,0.0,0.0,0.6
farm4_3795_19986452419_9425da9698_b.jpg,0.85,0.4,0.6,0.4,0.0,0.2,0.0,1.0,0.0,0.0,0.0,0.6
farm1_498_19564075763_917a902158_b.jpg,0.65,0.0,0.4,-0.2,0.0,-0.2,0.0,0.6,0.0,-0.2,0.0,0.2
farm1_491_19871245018_03369893dc_b.jpg,0.7,0.0,0.6,0.2,1.0,0.0,0.0,0.6,0.0,0.0,0.0,0.0
farm1_466_19564094183_d046ae7240_b.jpg,0.5,0.0,0.0,1.0,0.0,-1.0,0.0,0.0,0.0,1.0,0.0,0.0
farm1_289_20181416895_4cc1e4ffdd_b.jpg,0.35,-0.2,0.2,-0.2,0.0,0.2,0.0,-0.6,0.0,0.0,0.0,0.2
farm1_299_20150155182_deed97d45c_b.jpg,0.55,-0.2,0.4,-0.2,0.0,-0.6,0.0,1.0,0.0,-0.4,0.0,0.4
farm1_329_20319150612_d568ce328e_b.jpg,0.3,0.2,0.0,-0.4,0.2,0.0,0.0,-0.8,0.2,0.0,0.0,-0.4
farm1_502_20177253742_5e1f2a929d_b.jpg,0.9,0.2,0.2,1.0,0.4,0.2,0.0,1.0,0.0,0.4,0.0,0.0
farm1_297_20269943102_b793ce6fc0_b.jpg,0.375,0.0,0.6,-0.2,0.0,0.2,0.0,0.6,0.0,-0.2,0.0,0.0
farm1_382_20145130680_c95b0202b6_b.jpg,0.35,0.0,0.6,0.0,0.2,-0.2,0.0,-0.8,0.0,0.0,0.0,-0.4
farm1_394_19967486820_b962c93ca7_b.jpg,0.5,0.0,0.0,0.4,-0.2,0.0,0.0,0.2,0.2,0.4,0.0,-0.2
farm1_303_20009567808_04216965f0_b.jpg,0.6,0.4,0.6,0.6,0.0,0.2,0.0,-1.0,0.0,0.0,0.0,0.4
farm1_364_19712998443_0c6e9f1499_b.jpg,0.6,0.0,0.0,0.4,0.6,0.0,-0.2,0.6,0.0,-0.2,0.0,0.8
farm1_518_20267542931_87694d8b46_b.jpg,0.5,-0.2,-0.2,-0.6,0.0,0.2,0.0,0.4,0.0,0.0,0.0,0.4
farm1_337_20180092575_fc984343cc_b.jpg,0.55,0.0,0.2,0.8,1.0,-0.2,0.0,0.8,0.0,0.2,0.0,0.0
farm1_318_20092102839_512922bf2f_b.jpg,0.15,0.0,-0.4,-0.4,-0.4,-0.4,-0.2,-0.4,0.0,0.0,0.0,-0.6
farm1_276_19545786874_77b101616c_b.jpg,0.5,-0.2,0.4,0.6,-0.2,0.0,0.0,-0.6,0.0,0.4,0.0,-0.4
farm1_541_19555214933_64f4f28154_b.jpg,0.7,0.2,0.8,0.4,0.0,0.4,0.0,0.4,0.0,0.6,0.0,0.6
farm1_307_20273387591_e39df11c3c_b.jpg,0.4,-0.2,0.2,-0.8,0.0,0.4,0.0,0.2,0.0,0.0,0.0,0.2
farm1_294_20103710122_7edfd6b4ca_b.jpg,0.5,0.2,0.2,0.4,-0.2,-0.6,0.0,0.2,0.0,0.6,0.0,0.0
farm1_367_19581290404_ce3e3600b2_b.jpg,0.85,0.2,0.8,1.0,0.0,0.0,0.0,0.6,0.0,0.2,0.0,0.2
farm1_445_20142846405_5c6ffc2eb5_b.jpg,0.55,0.0,0.0,-0.4,0.2,0.0,0.0,0.2,0.0,0.0,0.0,0.4
farm1_343_19521411183_c6ba8b376a_b.jpg,0.55,0.2,0.8,-0.4,0.0,0.0,0.0,-0.6,0.0,0.0,0.0,0.0
farm1_269_20160624442_4f554edacb_b.jpg,0.4,0.0,0.0,0.2,-0.4,-0.2,-0.8,0.0,0.0,0.2,0.0,0.2
farm1_277_20142519801_cd79dab9a0_b.jpg,0.15,-0.2,-0.2,0.0,-0.2,-1.0,0.0,-0.2,0.0,0.2,0.0,-0.8
farm1_515_19661282584_45b22857d5_b.jpg,0.75,0.0,0.8,0.4,0.0,0.4,0.0,-0.4,0.0,0.2,0.0,0.4
farm1_365_19810411290_caf6e05ace_b.jpg,0.55,0.2,0.4,0.4,0.0,0.0,0.0,0.8,0.0,0.0,0.0,-0.4
farm1_321_20302679086_22a379bbdd_b.jpg,0.7,0.2,0.6,0.2,0.0,0.6,0.0,0.2,0.2,-0.2,0.0,0.2
farm1_351_20177266595_be303ccc26_b.jpg,0.4,-0.2,0.2,0.0,-0.2,-0.2,0.0,-0.6,0.0,-0.4,0.0,0.0
farm1_353_20015439498_93935523d9_b.jpg,0.5,0.0,0.0,0.2,0.6,0.2,0.0,0.4,0.0,-0.2,0.0,0.0
farm1_303_20146400229_5c79f46950_b.jpg,0.35,0.0,0.0,-0.2,0.2,-0.6,0.0,0.2,0.0,0.0,0.0,-0.2
farm1_345_19520224084_bdf0d22d56_b.jpg,0.35,0.0,0.2,0.2,0.4,-0.8,-0.2,-0.2,0.0,0.2,0.0,0.2
farm1_372_20009989900_9954176b53_b.jpg,0.25,-0.2,0.0,-0.6,0.0,-0.2,-0.2,0.2,0.0,-0.4,0.0,0.0
farm4_3774_20093950812_d4f9d55085_b.jpg,0.55,0.2,0.4,-0.4,-0.2,0.4,0.0,-0.2,0.0,0.4,0.0,-0.4
farm1_363_19992540600_07d25b4eba_b.jpg,0.3,-0.2,0.2,-0.4,0.0,-0.2,0.0,0.0,0.0,0.0,0.0,-0.6
farm1_394_20182315942_157f72b217_b.jpg,0.1,-0.4,-0.4,-1.0,-0.4,-0.6,0.0,-0.8,0.0,-0.4,0.0,-0.2
farm4_3821_19553981864_05f5585aca_b.jpg,0.8,0.0,0.6,0.6,0.2,0.0,0.0,0.8,0.0,0.2,0.2,0.8
farm1_298_20209577261_eb8ae399e5_b.jpg,0.45,0.0,0.8,-0.4,0.0,0.2,0.0,-0.6,0.0,0.0,0.0,0.2
farm1_358_20103447741_e2850699a5_b.jpg,0.55,0.0,0.2,0.4,-0.2,0.0,0.0,-0.2,0.0,0.2,0.2,0.6
farm4_3786_20175860965_2568dd8f1d_b.jpg,0.5,0.0,0.4,-0.2,0.0,0.0,0.0,-0.2,0.2,-0.2,0.0,-0.2
farm1_369_20189147701_623e9014e0_b.jpg,0.35,0.2,0.2,-0.4,-0.2,-0.2,0.0,0.6,0.0,-0.2,0.0,-0.4
farm1_290_20200800191_27d1fedd31_b.jpg,0.4,0.2,0.0,0.6,0.0,0.2,0.0,-0.2,0.2,-0.4,0.0,0.2
farm1_296_19449726113_2c2f78ed50_b.jpg,0.75,0.4,0.8,0.4,0.0,0.0,0.0,0.8,0.0,0.2,0.2,0.4
farm1_418_20164179712_37f98e71c3_b.jpg,0.65,0.6,0.2,0.8,0.0,0.2,0.0,-0.4,0.0,0.2,0.0,0.0
farm1_468_20065214591_9178a490eb_b.jpg,0.8,0.0,0.8,0.8,0.0,0.8,0.0,0.0,0.0,0.4,0.0,0.4
farm1_302_20096684376_70f44da2d0_b.jpg,0.65,0.0,0.0,-0.4,0.0,0.4,0.0,0.0,0.0,0.0,0.0,0.8
farm1_266_19564878823_99f867d7c8_b.jpg,0.5,0.2,0.0,0.0,1.0,-0.2,0.0,0.8,0.0,0.2,0.0,-0.2
farm1_295_20327182365_e434c62a60_b.jpg,0.3,0.2,0.0,-0.4,0.0,0.2,0.0,-0.2,0.0,-0.2,0.0,-0.6
farm1_511_20182107945_aa30e75893_b.jpg,0.4,0.0,0.2,-0.6,0.0,0.2,0.0,-0.4,0.0,-0.2,0.0,0.4
farm1_344_20161207471_d10fe8f05f_b.jpg,0.55,-0.6,0.8,0.2,0.2,0.0,0.0,0.4,0.0,0.2,0.0,0.0
farm1_343_20183050856_d755d2314c_b.jpg,0.7,0.0,0.2,0.6,-0.2,0.2,0.0,0.0,0.2,-0.2,0.0,0.8
farm1_495_19947907959_aaf0722f3e_b.jpg,0.4,0.0,0.6,0.2,-0.2,-0.6,0.0,-0.8,0.2,-0.4,0.2,-0.4
farm1_288_20079058210_f394b4bcaf_b.jpg,0.35,0.0,-0.4,-0.2,-0.2,0.0,0.0,-0.6,0.0,-0.2,0.0,0.0
farm1_363_19706067633_669d11d64c_b.jpg,0.4,0.0,0.6,-0.6,0.0,0.0,0.0,-0.4,0.0,-0.2,0.0,0.0
farm1_362_19558688554_e1c4e964d7_b.jpg,0.35,0.2,0.2,-0.4,-0.2,0.2,0.0,-0.4,0.0,-0.2,0.0,-0.4
farm1_287_20156068512_040f53b9f3_b.jpg,0.3,-0.2,0.2,0.0,0.0,-0.2,0.0,-0.6,0.2,0.0,0.0,0.0
farm1_342_19976156590_0fbaae90af_b.jpg,0.35,0.0,0.2,-0.2,-0.2,0.2,0.0,-0.6,0.0,0.0,0.0,0.0
farm1_276_20221053771_d43bd25f24_b.jpg,0.1,0.0,0.2,-0.2,-0.6,-0.8,-0.2,0.0,0.0,0.2,0.0,0.0
farm1_409_19948744189_a0d7a78802_b.jpg,0.55,0.2,0.2,0.0,0.0,0.0,0.0,1.0,0.0,-0.2,0.0,0.2
farm1_324_19948691899_b8077df637_b.jpg,0.7,0.0,0.4,1.0,0.0,0.4,0.0,-0.4,0.0,0.4,0.0,0.4
farm4_3711_20215425965_431a86e3d5_b.jpg,0.65,0.0,0.0,0.8,0.2,0.0,0.0,0.2,0.0,0.2,0.0,0.4
farm1_337_20141296209_ac83946d8d_b.jpg,0.7,0.0,0.4,0.6,0.8,0.0,0.0,1.0,0.0,0.0,0.0,0.6
farm1_271_19808824380_ac7c0ef245_b.jpg,0.9,0.4,0.8,0.8,0.2,0.2,0.0,0.2,0.0,0.0,0.2,0.6
farm1_275_20039872136_d26a4800d5_b.jpg,0.4,-0.2,0.2,0.4,0.0,-0.6,0.0,-0.4,0.2,0.0,0.0,0.4
farm1_381_20269814381_14a9b1d451_b.jpg,0.45,0.0,0.2,0.4,-0.2,-0.2,0.0,0.6,0.0,0.0,0.0,-0.2
farm1_340_19663636273_9c17314154_b.jpg,0.3,0.0,0.4,-0.4,-0.2,-0.2,0.0,-0.6,0.0,0.0,0.0,-0.4
farm1_555_20191611122_89a471fcf8_b.jpg,0.6,0.0,0.0,-0.4,1.0,0.0,0.0,1.0,0.0,0.0,0.0,0.4
farm1_257_20068181935_ac8738cf1d_b.jpg,0.5,0.0,0.2,0.0,-0.4,-0.2,0.0,0.0,0.0,0.2,0.0,0.6
farm1_476_19797707920_b9ff0bdd08_b.jpg,0.45,0.0,0.0,1.0,0.0,-0.8,0.0,0.0,0.0,-0.2,0.0,-0.4
farm1_367_19558697424_40b154ca3d_b.jpg,0.35,-0.2,0.0,0.2,-0.2,0.0,0.0,0.0,0.2,-0.2,0.2,-0.2
farm1_391_19995967858_a5e4b83dc2_b.jpg,0.3,0.0,0.4,-1.0,0.0,0.0,0.0,-0.2,0.0,0.2,0.0,-0.4
farm1_363_20138853028_d34cb92898_b.jpg,0.5,0.2,0.6,0.2,0.0,0.6,0.0,-0.4,0.0,0.0,0.0,0.2
farm1_354_19580723653_eb6b37db2a_b.jpg,0.5,0.0,0.0,0.2,0.0,0.2,0.0,-0.6,0.0,0.0,0.0,-0.2
farm1_401_20009518428_637d4c9a70_b.jpg,0.65,0.4,0.2,0.8,0.2,0.2,0.0,0.4,0.0,0.0,0.0,-0.4
farm1_257_20170854096_1f83f2f317_b.jpg,0.7,0.0,0.6,0.8,0.2,0.8,0.0,0.4,0.0,0.0,0.0,-0.2
farm1_351_20004258649_1718558f58_b.jpg,0.9,-0.2,0.8,1.0,0.0,0.6,0.0,0.6,0.0,0.4,0.0,0.4
farm1_365_20081778936_33b287a51c_b.jpg,0.35,0.0,0.2,0.0,0.0,-0.2,0.0,-0.2,0.0,-0.4,0.0,-0.6
farm1_327_20146730608_487f6c2823_b.jpg,0.4,0.0,0.0,-0.4,0.2,0.0,0.0,0.2,0.2,-0.2,0.0,-0.2
farm1_291_20187713691_4e101ff55b_b.jpg,0.4,0.0,-0.2,0.8,0.0,-0.4,0.0,-0.4,0.0,-0.4,0.0,-0.6
farm1_314_19557906524_e14bbd7691_b.jpg,0.65,0.0,0.6,0.6,0.0,0.2,0.0,0.0,0.4,0.0,0.0,0.0
farm1_420_19484919563_f8996cbd09_b.jpg,0.55,0.0,0.4,0.2,0.0,0.0,0.0,0.0,0.0,0.0,0.0,0.0
farm1_359_19971631686_2aee8bce23_b.jpg,0.5,0.0,0.2,0.8,0.2,0.0,0.0,0.4,0.0,0.0,0.0,-0.6
farm1_327_19981845399_0edff07e94_b.jpg,0.4,0.0,0.0,-0.4,0.0,-0.2,0.0,-0.4,0.4,0.2,0.0,-1.0
farm1_345_20251699176_84daec4707_b.jpg,0.3,-0.2,-0.4,-0.2,0.0,0.0,0.0,0.2,0.0,0.4,0.0,-0.6
farm1_370_20004346049_0f82c4fec2_b.jpg,0.062,0.0,0.2,0.0,0.0,0.0,0.0,0.2,0.0,0.2,0.0,0.2
farm1_265_19661797404_04f5f4de94_b.jpg,0.5,0.0,0.0,0.2,0.6,0.4,0.0,0.2,0.0,0.0,0.0,-0.2
farm4_3799_19921954108_6684c6307e_b.jpg,0.85,0.0,0.6,0.8,1.0,0.0,0.0,0.8,0.0,0.0,0.0,0.2
farm1_296_19544564444_acd117c7fb_b.jpg,0.8,0.0,0.2,0.8,0.2,0.4,0.2,0.6,0.6,0.4,0.0,0.4
farm1_270_19567647924_0c536605f9_b.jpg,0.2,0.2,-0.2,-1.0,-0.2,-0.2,0.0,-0.8,0.0,-0.2,0.0,-0.4
farm1_388_20104722115_e59a0d35d6_b.jpg,0.9,0.4,0.4,1.0,0.0,0.2,0.0,0.6,0.0,0.6,0.0,0.4
farm1_396_20020139489_758dc34210_b.jpg,0.6,0.0,0.6,0.2,0.6,-0.2,0.0,0.6,0.0,0.0,0.0,0.0
farm1_409_20191400321_e68d14bde6_b.jpg,0.188,0.0,0.0,-0.6,0.2,-0.4,0.0,-0.6,0.0,-0.2,0.0,-0.4
farm1_355_19361274644_3068d9e33a_b.jpg,0.4,0.0,0.2,0.4,-0.2,0.2,0.0,-0.8,0.4,-0.2,0.0,-0.2
farm1_266_20196576131_af7d7d9cc9_b.jpg,0.35,0.0,-0.2,0.2,0.0,0.2,0.0,0.2,0.0,0.0,0.0,-0.2
farm1_383_20146513839_4924e6e59f_b.jpg,0.5,0.2,0.4,0.2,-0.2,-0.2,0.0,0.0,0.0,-0.2,0.0,0.0
farm1_362_19660649514_51e801b0c0_b.jpg,0.3,-0.2,-0.2,-0.8,0.2,-0.2,0.0,-0.4,0.0,0.2,0.0,0.0
farm1_359_19444258803_23cde03d1c_b.jpg,0.4,0.0,0.0,-0.6,0.0,0.0,0.0,-0.6,0.6,-0.2,0.4,-0.4
farm1_303_20255344036_e0545ce8d0_b.jpg,0.35,0.0,0.0,-0.6,-0.2,-0.2,0.0,-0.8,0.2,0.4,0.0,0.0
farm1_390_20094521050_8a6ce2e363_b.jpg,0.5,-0.2,0.2,1.0,0.2,-0.2,0.2,-0.6,0.0,0.0,0.0,0.2
farm1_308_19562217563_44d08b3ee3_b.jpg,0.1,0.0,0.0,0.0,-0.6,-0.6,-0.2,-0.8,0.0,0.0,0.0,-0.2
farm1_460_20268105351_083f5355ab_b.jpg,0.5,0.2,0.2,0.2,-0.2,0.6,0.0,0.0,0.0,0.0,0.0,0.0
farm1_497_20276060711_65ced6a686_b.jpg,0.5,-0.2,0.0,0.2,-0.4,0.0,0.0,0.4,0.0,-0.2,0.0,0.2
farm1_306_20282407351_16e9bbaab8_b.jpg,0.2,-0.4,-0.2,-1.0,0.0,0.0,0.0,-0.8,0.0,0.4,0.0,0.0
farm1_548_19807772218_9522763ff9_b.jpg,0.15,-0.4,0.0,-1.0,-0.2,0.2,-0.2,-0.8,0.0,0.0,0.0,-0.4
farm1_320_20193894625_8abd5cb7d8_b.jpg,0.55,0.2,0.2,0.0,0.0,0.4,0.0,0.0,0.0,0.0,0.0,0.4
farm1_325_19802771490_e336cf8f3b_b.jpg,0.75,0.0,0.6,0.8,0.0,0.0,0.0,0.6,0.2,0.0,0.0,0.2
farm4_3691_19542940344_a3bcb5abcd_b.jpg,0.458,-0.167,0.167,0.167,0.0,0.167,0.0,-0.167,0.0,0.0,0.0,0.333
farm1_510_19930435289_ea06ab5d85_b.jpg,0.6,0.2,0.2,-0.2,0.6,0.2,0.0,0.6,0.0,0.4,0.0,0.0
farm1_295_20270786061_7449c577d3_b.jpg,0.2,-0.6,-0.4,-0.6,0.0,-0.2,0.0,-0.6,0.0,0.0,0.0,0.4
farm1_357_20011853549_a945f140fb_b.jpg,0.35,0.2,0.0,-0.8,0.2,-0.2,0.0,-0.6,0.0,0.0,0.2,0.2
farm1_392_20181898185_2becebcc56_b.jpg,0.7,0.4,0.4,0.6,-0.2,0.4,0.0,0.2,0.0,0.2,0.0,0.0
farm1_383_19939279110_88ac2faf03_b.jpg,0.9,0.2,0.8,1.0,0.0,0.0,0.0,0.6,0.0,0.0,0.0,0.4
farm1_357_20209414711_2465b4e240_b.jpg,0.5,0.0,0.0,-0.4,0.0,-0.2,0.0,0.4,0.0,0.4,0.2,0.2
farm1_495_20135300252_1f864818fd_b.jpg,0.45,0.0,0.0,0.2,-0.2,0.0,0.0,0.8,0.0,0.2,0.0,0.4
farm1_430_20278166125_f259d117ed_b.jpg,0.417,-0.167,0.333,0.0,0.0,0.333,0.0,0.0,0.0,0.167,0.0,0.167
farm1_385_19550829794_33e8a9c886_b.jpg,0.3,0.4,0.0,-0.4,0.0,-0.6,-0.2,0.4,0.0,-0.2,0.0,0.0
farm1_304_20292566811_053e9ae26d_b.jpg,0.5,-0.2,-0.2,-0.2,0.0,0.4,0.0,-0.6,0.2,-0.2,0.0,-0.2
farm1_466_19794337290_4abb7903a4_b.jpg,0.45,0.2,-0.2,0.2,0.0,-0.6,0.0,0.2,0.0,0.0,0.0,0.0
farm1_276_20186159801_43676d9295_b.jpg,0.05,-0.2,-0.4,-0.6,0.0,-1.0,0.0,-0.8,0.0,0.0,0.0,-0.6
farm1_388_19490244424_b36ce9dc7f_b.jpg,0.6,0.0,0.8,1.0,0.2,0.2,0.0,0.0,0.0,0.2,0.0,-0.2
farm1_396_20167945362_fe9b8bfb9b_b.jpg,0.5,0.0,0.2,0.4,0.0,0.0,0.0,0.0,0.0,-0.2,0.0,0.4
farm1_431_19577611663_200273df3e_b.jpg,0.5,-0.2,0.2,-0.1,-0.3,0.1,-0.1,0.2,0.0,-0.2,0.0,0.1
farm1_407_20006425299_00bca7eb8e_b.jpg,0.6,0.2,0.0,0.2,0.0,-0.2,0.0,-0.4,0.0,0.8,0.0,-0.4
farm1_278_20197254875_48587b63e6_b.jpg,0.55,0.2,0.2,0.4,0.0,0.0,0.0,0.4,0.0,-0.4,0.0,-0.6
farm1_351_20129850496_9a4686ac1b_b.jpg,0.25,0.2,0.0,0.2,-0.2,-0.4,0.0,0.0,0.0,0.0,0.0,0.0
farm1_391_19974489040_32f15803ea_b.jpg,0.45,-0.2,0.2,-0.2,0.0,0.4,0.0,-0.6,0.0,-0.4,0.0,0.6
farm1_369_20189986831_f258c5f406_b.jpg,0.65,0.2,0.2,0.6,0.0,0.2,0.0,0.6,0.0,-0.2,0.0,0.8
farm1_398_19996958919_2e236f7dc8_b.jpg,0.3,0.0,-0.2,-0.6,0.0,0.0,0.0,0.6,0.0,-0.4,0.0,-0.4
farm1_258_20106306425_1cab459ffb_b.jpg,0.4,0.0,0.4,-0.4,-0.2,0.4,0.0,-0.6,0.2,-0.2,0.0,0.0
farm1_379_19665518553_5a0d7a2b25_b.jpg,0.45,-0.2,0.2,0.0,0.0,0.4,-0.2,-0.4,0.0,0.0,0.0,0.0
farm1_381_20174645265_a5b46cf371_b.jpg,0.75,0.2,0.6,1.0,0.0,0.4,0.0,0.2,0.0,-0.2,0.0,0.4
farm1_280_20084752665_61b7f7803d_b.jpg,0.5,0.2,0.0,0.2,0.2,0.0,0.0,0.2,0.0,0.2,0.0,0.0
farm1_397_20221166631_b1024f88d1_b.jpg,0.55,0.2,0.4,0.0,0.0,0.0,0.0,-0.2,0.0,0.0,0.0,0.6
farm1_281_20011626848_de62342c31_b.jpg,0.7,0.0,0.4,1.0,0.2,0.0,0.0,1.0,0.0,0.0,0.4,-0.2
farm1_369_19465912964_d3441449bd_b.jpg,0.65,0.2,0.2,0.6,0.4,0.2,0.0,0.2,0.0,0.0,0.0,0.2
farm1_475_20278274835_c5afafaffe_b.jpg,0.8,0.4,0.4,0.6,0.6,0.4,0.0,1.0,0.0,0.2,0.0,0.6
farm1_325_20286576641_262f46dfe4_b.jpg,0.25,0.0,-0.2,-0.2,0.0,-0.2,0.0,-0.8,0.0,-0.2,0.0,-1.0
farm1_364_19924816599_6faa9cc17f_b.jpg,0.7,0.2,0.2,0.4,0.4,0.2,0.0,0.2,0.0,0.2,0.0,-0.6
farm1_380_20180518735_656d317005_b.jpg,0.5,-0.2,0.0,0.0,0.0,-0.8,0.0,0.2,0.2,0.2,0.0,0.4
farm1_526_19994357529_83039a4b88_b.jpg,0.6,0.2,0.0,0.4,0.0,0.0,0.0,0.6,0.0,0.8,0.0,0.0
farm1_356_20137819776_8cd91c202d_b.jpg,0.3,-0.4,0.0,0.2,0.0,0.0,-0.2,-0.8,0.0,0.4,0.0,0.2
farm1_382_19978175700_4dafab4f7d_b.jpg,0.5,0.2,0.2,0.4,0.0,-0.2,0.0,0.2,0.0,0.0,0.0,-0.6
farm1_297_19806996220_8e0e53cd14_b.jpg,0.5,0.2,0.4,0.2,0.0,0.2,0.0,-0.4,0.0,-0.2,0.0,-0.4
farm1_490_19539479563_b5337fd860_b.jpg,0.875,0.0,0.8,0.6,0.0,0.2,0.0,0.2,0.0,0.0,0.0,1.0
farm1_510_20174326525_e9e64074da_b.jpg,0.375,-0.167,0.0,0.333,0.0,0.333,0.0,-0.5,0.0,0.333,0.0,0.167
farm4_3702_20177247942_e72177cf03_b.jpg,0.65,0.0,0.2,0.6,0.0,0.6,0.0,0.2,0.4,0.0,0.0,0.0
farm1_391_20116678825_9de37bf582_b.jpg,0.3,0.2,0.2,-0.6,0.0,0.0,0.0,-0.4,0.2,-0.4,0.2,-0.6
farm1_433_20181354881_fa792649f9_b.jpg,0.25,-0.4,-0.2,-0.2,0.0,-0.2,0.0,-1.0,0.0,-0.2,0.0,-0.8
farm1_322_20193542405_a828847c67_b.jpg,0.3,-0.4,-0.2,-1.0,0.0,-0.2,0.0,-0.4,0.2,-0.2,0.0,0.2
farm1_374_19913351290_3ed1a18c3b_b.jpg,0.2,0.0,0.4,-0.4,-0.4,-1.0,0.0,-0.4,0.0,0.0,0.0,-0.6
farm1_558_20290157271_c347f14723_b.jpg,0.6,0.2,0.6,0.2,0.2,0.4,0.0,0.8,0.0,0.0,0.0,0.2
farm1_346_20070621011_743f8c5901_b.jpg,0.6,0.2,0.8,0.6,0.2,0.4,0.0,0.2,0.0,0.0,0.0,0.2
farm1_283_19570243334_b837dc60ec_b.jpg,0.7,0.4,0.6,1.0,0.2,0.4,0.0,0.2,0.0,-0.2,0.0,0.0
farm1_342_20256563782_2f186e5a1e_b.jpg,0.5,0.0,0.0,-0.4,0.2,0.4,0.0,-0.4,0.0,0.0,0.0,0.2
farm1_347_20173322182_9aa88850ae_b.jpg,0.45,0.0,0.2,-0.2,0.0,0.0,0.0,-0.8,0.2,-0.4,0.2,0.0
farm1_339_19438349833_2fcf63622c_b.jpg,0.55,0.0,0.6,0.0,0.0,0.2,0.0,0.0,0.2,-0.2,0.0,0.2
farm1_369_20184767071_aeb8daa1de_b.jpg,0.5,0.0,0.2,-0.2,0.0,0.2,0.0,0.2,0.6,0.2,0.0,-0.6
farm1_351_20243832726_c77740853f_b.jpg,0.708,0.0,0.5,0.833,0.0,0.167,0.0,0.333,0.5,0.167,0.0,0.167
farm1_316_20272649235_5bbd9ff9d7_b.jpg,0.6,0.0,0.2,0.2,-0.2,-0.6,0.0,0.2,0.0,0.2,0.0,-0.2
farm1_367_20085832290_a22e6c11c6_b.jpg,0.55,0.0,-0.2,0.4,0.0,0.0,0.0,0.2,0.0,0.0,0.0,0.8
farm1_344_20335562771_efa36286a8_b.jpg,0.25,0.0,0.0,-0.2,0.0,-0.6,0.0,-0.4,0.0,0.0,0.0,0.0
farm4_3811_19999136420_c39c9acb2c_b.jpg,0.6,0.2,0.2,0.2,0.0,0.2,0.0,0.0,0.0,0.2,0.0,0.0
farm1_368_19996284519_c87f25f73f_b.jpg,0.7,-0.2,0.6,0.6,0.0,0.4,0.0,0.4,0.2,0.0,0.0,0.6
farm1_381_20146548840_15980146f0_b.jpg,0.55,0.0,0.6,0.6,0.0,-0.2,0.0,0.8,0.0,0.0,0.0,0.4
farm1_414_20011088899_5b8f522919_b.jpg,0.25,0.0,0.0,-0.4,0.0,-0.2,0.0,-0.6,0.0,0.2,0.0,-0.6
farm1_354_20078721339_5556a2714e_b.jpg,0.75,0.6,0.6,0.4,0.0,0.4,0.0,-0.2,0.0,0.4,0.0,0.2
farm4_3817_19988058569_5cabf43baa_b.jpg,0.65,0.2,0.4,1.0,0.0,0.2,0.0,0.2,0.0,0.0,0.0,0.4
farm1_318_20045980796_74afcbfaf4_b.jpg,0.45,-0.4,0.0,-0.8,0.4,0.0,0.0,0.4,0.0,-0.2,0.0,0.0
farm1_519_20164261952_188dd3ea3a_b.jpg,0.333,0.333,0.0,-0.167,-0.167,-0.333,0.0,-0.5,0.0,0.167,0.0,-0.167
farm1_411_20089580711_91b5267c99_b.jpg,0.3,-0.2,0.0,-0.6,0.2,-0.4,0.0,-0.4,0.0,0.0,0.0,0.0
farm1_431_19895059348_a65d0af0f8_b.jpg,0.25,0.6,0.0,-0.8,0.0,-0.6,0.0,-0.2,0.0,0.4,0.0,-0.4
farm1_332_19985380722_9160c4d5a9_b.jpg,0.55,-0.2,0.4,0.0,0.0,0.0,0.0,-0.2,0.2,0.0,0.0,0.0
farm1_543_20189363311_c840db9e29_b.jpg,0.4,0.0,0.2,0.6,0.0,-0.4,0.0,0.4,0.0,0.2,0.0,-0.2
farm1_346_19978048790_0a81b4b243_b.jpg,0.75,0.0,0.6,1.0,0.0,0.2,0.0,0.8,0.0,0.6,0.0,0.0
farm1_292_20339477341_44f59e32fb_b.jpg,0.7,0.2,0.4,0.4,0.0,0.8,0.0,0.0,0.0,0.2,0.0,0.0
farm1_297_20079587476_38697721bd_b.jpg,0.55,0.2,0.6,1.0,0.2,0.2,0.0,-0.6,0.0,-0.2,0.0,-0.2
farm1_553_20143041260_a24a083320_b.jpg,0.6,0.4,0.2,0.8,0.2,0.6,0.2,-0.2,0.0,0.0,0.0,0.4
farm1_447_20282488925_388b8d7b18_b.jpg,0.65,0.0,0.4,1.0,0.4,0.0,0.0,0.4,0.0,0.2,0.0,-0.4
farm1_396_19968010930_f45be47b62_b.jpg,0.65,0.2,0.0,0.6,0.0,0.0,0.0,0.4,0.0,0.4,0.0,0.0
farm1_422_19988838080_cde5906998_b.jpg,0.3,-0.4,0.2,-0.2,0.0,-0.8,0.0,-0.8,0.0,-0.6,0.0,0.0
farm4_3739_19796653060_c168367c0f_b.jpg,0.15,-0.2,0.0,-0.6,-0.2,-1.0,-0.2,0.0,0.0,-0.2,0.0,-0.2
farm1_274_20201969342_5463c21dd0_b.jpg,0.4,0.0,0.2,0.4,-0.2,0.0,0.0,-0.2,0.0,-0.4,0.0,0.6
farm1_390_20267467225_d4d6ee3820_b.jpg,0.65,0.2,0.4,0.4,0.0,0.4,-0.2,0.0,0.4,0.0,0.0,0.2
farm1_282_20272344595_080400a008_b.jpg,0.7,0.4,0.8,0.4,0.0,0.0,0.0,0.8,0.0,0.2,0.0,-0.2
farm1_508_19916249078_3e3e1bc0f3_b.jpg,0.562,0.0,0.4,0.0,0.2,-0.4,0.0,0.4,0.0,0.2,0.0,-0.2
farm1_321_19658002324_e250d73c01_b.jpg,0.6,0.2,0.4,0.6,-0.2,0.0,0.0,-0.6,0.2,-0.2,0.0,-0.4
farm1_342_19942258329_9874051d6e_b.jpg,0.3,0.2,0.4,-0.4,-0.4,0.2,0.0,-0.2,0.0,-0.2,0.0,0.0
farm1_323_20262460305_2f3f4663c9_b.jpg,0.55,0.0,0.4,0.4,0.0,0.0,0.0,0.6,0.0,0.4,0.0,0.0
farm1_392_19582287293_91e7352bcd_b.jpg,0.9,0.0,0.8,1.0,0.8,0.0,0.0,1.0,0.0,0.2,0.0,0.4
farm1_321_19558805033_f94b15b9e6_b.jpg,0.4,0.0,0.2,-0.4,0.2,0.0,0.0,-0.2,0.2,0.2,0.0,-0.2
farm1_264_20272815912_c3514c5cd9_b.jpg,0.5,0.0,0.2,-0.4,0.0,-0.2,0.2,0.4,0.0,0.0,0.0,-0.2
farm1_322_19582504284_5b1dd85201_b.jpg,0.35,0.0,-0.2,-0.2,-0.2,-0.4,0.0,-0.4,0.0,-0.2,0.2,-0.8
farm1_365_20085571525_6a1919df08_b.jpg,0.7,0.0,0.8,0.6,0.2,0.2,0.2,-0.2,0.4,0.0,0.0,0.4
farm1_419_20077552232_ba004b79b0_b.jpg,0.8,0.2,0.8,0.8,0.0,0.2,0.0,0.2,1.0,0.2,0.0,0.6
farm1_291_19659282193_dcaf7ab9c2_b.jpg,0.55,0.2,0.4,-0.6,-0.4,0.0,0.0,0.0,0.0,0.2,0.0,0.4
farm1_314_20257172242_b6292b4c8b_b.jpg,0.35,0.0,0.2,-0.2,0.0,-0.8,0.0,-0.4,0.0,-0.2,0.0,-0.2
farm1_352_20279018321_045baf89d2_b.jpg,0.65,0.0,0.4,0.6,-0.2,0.0,0.0,0.2,0.0,0.6,0.0,0.0
farm1_314_20282041651_1395657d22_b.jpg,0.65,0.0,0.8,0.8,0.0,0.4,0.0,-0.2,0.0,0.2,0.0,0.2
farm1_361_19473562943_386b14a874_b.jpg,0.6,0.0,0.8,0.2,0.0,0.2,0.0,0.4,0.0,-0.2,0.0,0.0
farm1_355_19955254448_ea0bd2c37f_b.jpg,0.7,0.0,0.2,0.4,1.0,0.2,0.6,0.8,0.0,-0.2,0.0,0.2
farm1_352_20023123678_6616782246_b.jpg,0.15,0.0,0.0,-0.6,0.0,-0.4,0.0,-0.8,0.0,-0.2,0.0,-0.8
farm1_275_20176355382_2a487e74b3_b.jpg,0.5,-0.2,0.4,0.0,0.0,0.4,0.0,-0.6,0.2,-0.2,0.0,0.0
farm1_357_20112918641_3e6da970d9_b.jpg,0.25,0.0,0.0,-0.2,0.0,-0.4,0.0,-0.6,0.2,0.0,0.0,-0.4
farm1_339_19531171444_4aa8bbb524_b.jpg,0.9,0.0,0.0,0.8,0.0,1.0,0.0,0.0,0.4,0.0,0.8,0.6
farm1_347_19989744589_2d0111f50c_b.jpg,0.3,0.0,0.0,0.2,0.0,-0.2,0.0,0.0,0.0,-0.2,0.0,0.0
farm1_388_20010750999_8df348b09d_b.jpg,0.8,0.2,0.6,0.4,0.8,0.0,0.0,0.2,0.0,0.4,0.0,0.4
farm1_364_20150036962_07f64657b4_b.jpg,0.25,0.0,0.2,-0.6,-0.4,-0.4,0.0,-0.6,0.0,0.0,0.0,0.6
farm1_352_20083422690_ba8d23962a_b.jpg,0.3,0.0,0.0,-0.2,0.2,-0.4,0.0,-0.6,0.0,0.2,0.0,-0.4
farm1_383_20171820282_e96ee2a0ef_b.jpg,0.45,-0.2,0.2,0.0,0.0,0.0,0.0,0.6,0.0,0.0,0.0,0.0
farm1_305_20191652851_f6904050f4_b.jpg,0.5,0.2,0.2,0.4,-0.2,0.2,-0.2,-0.2,0.0,0.0,0.0,0.2
farm1_274_20023458539_ccdcbaa469_b.jpg,0.65,-0.2,0.4,0.4,0.0,0.6,0.0,0.0,0.2,-0.2,0.2,0.4
farm1_262_19968063060_651c7d33a7_b.jpg,0.55,0.0,0.0,0.8,0.0,-0.2,0.0,0.4,0.0,0.0,0.0,-0.2
farm1_307_20090940268_7f2088b285_b.jpg,0.4,0.0,0.0,0.2,0.0,-0.2,0.0,1.0,0.0,-0.6,0.0,-0.6
farm1_516_19909527668_95fdf43bc4_b.jpg,0.75,0.0,0.6,0.0,0.6,-0.2,0.0,0.8,0.0,0.8,0.0,0.2
farm1_437_20150187902_77d520081c_b.jpg,0.6,0.1,0.0,0.3,0.7,-0.1,0.1,0.3,0.0,0.0,0.0,0.1
farm1_378_20192948781_8e7cf570dd_b.jpg,0.7,0.2,0.4,1.0,0.0,0.0,0.0,0.0,0.0,0.0,0.0,0.8
farm1_314_20299973616_37680fb7fb_b.jpg,0.1,0.0,0.0,-0.6,-0.2,-1.0,0.0,0.4,0.0,-0.4,0.0,-0.6
farm4_3670_20202930431_418b2b067a_b.jpg,0.417,0.0,0.0,-0.833,0.0,0.0,-0.167,0.333,0.0,0.0,0.0,-0.333
farm1_469_20094758260_6e3a65b752_b.jpg,0.4,0.2,0.4,0.0,0.0,-0.2,0.0,-0.8,0.0,0.0,0.0,-0.2
farm1_533_19584168934_8f1a50f1c0_b.jpg,0.45,0.0,0.2,0.6,-0.4,0.0,0.0,-0.4,0.2,-0.2,0.0,-0.4
farm1_363_19920151968_da34a026dc_b.jpg,0.875,0.0,0.4,0.6,0.0,0.8,0.0,0.4,0.0,0.0,0.0,0.6
farm1_265_20099955745_9d75055988_b.jpg,0.6,0.0,0.4,0.6,0.2,0.0,0.0,0.0,0.0,0.2,0.0,0.0
farm1_299_19643881503_eca14bafbb_b.jpg,0.55,0.0,0.4,0.6,0.0,0.2,0.0,-0.2,0.6,0.2,0.0,-0.2
farm1_388_20179303122_99e0a4f2e8_b.jpg,0.6,0.2,0.6,0.6,0.0,-0.2,0.0,0.2,0.0,0.2,0.4,-0.4
farm1_304_19945277780_ceeb50f790_b.jpg,0.5,-0.2,0.0,0.4,0.0,0.6,0.0,0.0,0.0,-0.2,0.0,0.6
farm1_263_19915072128_66a9b90f14_b.jpg,0.65,0.4,0.4,1.0,0.0,0.2,0.0,-0.2,0.2,0.2,0.0,0.2
farm1_497_19642152684_d4356afb0c_b.jpg,0.3,0.0,0.2,-0.2,-0.2,0.0,0.0,-0.4,0.0,-0.2,0.0,0.2
farm1_317_20018588049_de30186ed7_b.jpg,0.6,0.2,0.4,0.8,0.0,0.4,0.0,0.8,0.0,0.2,0.0,0.0
farm1_313_20080060279_dde8c45326_b.jpg,0.65,0.0,0.2,0.8,0.8,0.6,0.0,0.6,0.0,0.0,0.0,-0.2
farm1_270_20162995535_e19aec345c_b.jpg,0.5,0.2,0.2,0.2,0.0,0.0,0.0,-0.2,0.2,0.2,0.0,-0.4
farm4_3799_19871977880_7634181341_b.jpg,0.35,0.0,0.4,-0.2,0.0,0.2,0.0,-0.4,0.0,-0.2,0.0,-0.8
farm1_329_19573659384_a33b580d8a_b.jpg,0.7,0.6,0.4,0.4,0.2,0.0,0.0,0.6,0.0,0.2,0.0,0.4
farm1_366_19883002918_34f6438e6c_b.jpg,0.625,0.0,0.4,0.8,0.0,0.4,0.0,0.6,0.0,0.0,0.0,-0.2
farm1_270_19567032004_65d92286b0_b.jpg,0.383,0.0,0.133,0.267,-0.133,0.067,0.0,-0.2,0.133,0.067,0.0,-0.533
farm1_255_20084819931_562f0daefd_b.jpg,0.6,0.4,0.6,0.4,0.0,-0.4,0.0,-0.6,0.0,0.0,0.0,0.0
farm1_397_19976607978_8a70c8a8d3_b.jpg,0.35,0.0,0.4,0.4,0.0,-0.6,0.0,-0.2,0.0,0.0,0.0,-0.4
farm1_280_20012119600_e3d4fd6244_b.jpg,0.188,0.0,0.0,-0.2,0.0,0.2,0.0,0.4,0.0,0.0,0.0,0.4
farm1_354_20254170732_c73e32fb60_b.jpg,0.55,0.0,0.2,0.8,-0.2,0.0,0.0,-0.2,0.4,0.2,0.0,0.4
farm1_345_19985383242_dcc548c49b_b.jpg,0.45,-0.2,0.4,-0.6,0.0,0.0,0.0,-0.8,0.2,0.0,0.0,-0.2
farm1_340_20281602935_ed1a20b799_b.jpg,0.65,0.2,0.4,0.0,0.2,0.4,0.0,-0.4,0.2,0.2,0.0,0.2
farm1_259_19640260534_b89aed12f3_b.jpg,0.55,0.0,0.2,0.6,0.0,0.0,0.0,0.0,0.6,0.0,0.2,-0.6
farm1_306_19994994915_3d6ba4fb8a_b.jpg,0.4,0.0,-0.2,-0.4,0.0,-0.2,0.0,-0.2,0.0,0.2,0.0,-0.2
farm1_511_20146795512_8841b41e0e_b.jpg,0.0,0.0,0.0,0.0,0.0,0.0,0.0,0.0,0.0,0.0,0.0,0.0
farm4_3760_19581707063_411fc9e8e6_b.jpg,0.0,0.0,0.0,0.0,0.0,0.0,0.0,0.0,0.0,0.0,0.0,0.0
farm1_320_19971639179_9a4b58cfa7_b.jpg,0.7,0.6,0.6,0.4,0.0,0.2,0.0,0.6,0.0,0.2,0.0,0.2
farm1_458_20181010985_b244a1da3b_b.jpg,0.6,0.0,0.6,0.8,-0.2,0.0,0.0,0.0,0.2,-0.2,0.0,0.4
farm1_299_19506807044_9e3c75eeed_b.jpg,0.65,0.4,0.2,0.0,0.0,0.4,0.0,-0.4,0.2,0.2,0.4,0.4
farm1_515_20211450415_4ee3892484_b.jpg,0.375,-0.4,0.4,-0.4,-0.2,0.0,0.0,0.2,0.0,-0.2,0.0,0.2
farm1_296_19569906173_8549225cb1_b.jpg,0.75,0.0,0.2,1.0,0.0,0.4,0.0,0.0,0.0,0.6,0.0,0.2
farm4_3751_19645084644_51c6acc6ed_b.jpg,0.65,-0.2,0.2,-0.4,0.0,0.2,0.0,0.6,0.0,0.2,0.0,0.6
farm1_267_20146558196_479fe41bc6_b.jpg,0.4,0.0,0.4,0.6,-0.2,-0.4,-0.4,-0.4,0.0,-0.2,0.0,0.2
farm1_388_19942989179_9da1e19c61_b.jpg,0.75,0.2,0.4,0.6,-0.2,0.2,0.0,1.0,0.0,0.0,0.0,-0.2
farm1_365_19663532684_4f88ea746a_b.jpg,0.5,0.4,0.2,-0.4,-0.2,0.0,0.0,-0.4,0.2,0.0,0.0,-0.4
farm1_517_20074926619_19044d2a7a_b.jpg,0.5,-0.2,0.0,0.4,0.8,0.0,0.0,0.8,0.0,-0.2,0.2,0.0
farm1_369_20194294211_a6058d8c58_b.jpg,0.35,0.0,-0.2,-0.2,-0.2,0.4,-0.2,-0.8,0.0,0.0,0.0,-0.2
farm1_356_20088946599_1978e110fa_b.jpg,0.65,0.2,0.2,0.8,0.2,0.6,0.0,0.6,0.0,0.0,0.0,-0.2
farm1_258_20005817229_80bd05fcee_b.jpg,0.35,-0.4,0.0,-0.2,-0.2,0.0,0.0,-0.6,0.0,-0.4,0.0,0.0
farm1_366_19947224989_2c1d7309ed_b.jpg,0.4,0.0,0.2,0.0,-0.2,0.2,0.0,0.4,0.0,0.0,0.0,-0.4
farm1_536_19974703320_04aed9d848_b.jpg,0.5,0.0,0.6,0.0,0.0,-0.4,0.0,0.2,0.0,0.0,0.0,-0.2
farm1_363_20262990592_fb07542d39_b.jpg,0.8,0.0,0.4,0.8,0.0,0.8,0.2,0.2,0.0,0.0,0.0,0.6
farm1_469_20182965221_fb37a93dcb_b.jpg,0.95,0.4,0.8,1.0,0.0,0.2,0.0,0.2,0.0,0.2,0.4,0.4
farm1_335_19915376919_d2d3da90a3_b.jpg,0.45,-0.2,0.4,0.4,0.0,-0.4,0.0,0.0,0.0,-0.2,0.0,-0.6
farm1_350_19651185044_029b192811_b.jpg,0.15,0.0,-0.2,-0.8,-0.2,-0.6,0.0,-0.8,0.0,0.4,0.0,-0.4
farm1_324_20163717336_083c2fb7e4_b.jpg,0.65,0.4,0.8,0.8,0.2,0.4,0.0,0.0,0.0,0.0,0.0,-0.4
farm1_457_20180050582_5976e23885_b.jpg,0.65,0.3,0.3,0.7,0.0,-0.2,0.2,-0.5,0.0,0.1,0.1,0.5
farm1_321_19915160340_ec904edbdf_b.jpg,0.85,0.0,0.6,1.0,0.8,0.0,0.0,0.8,0.0,0.0,0.0,0.2
farm1_314_20193725125_b6c9e5584a_b.jpg,0.25,0.0,-0.4,-0.2,-0.6,-0.2,-0.2,-0.4,0.0,0.0,0.0,-0.2
farm1_381_20017811989_a022455334_b.jpg,0.5,0.0,0.4,0.6,0.0,0.0,0.0,0.4,0.0,0.0,0.0,0.0
farm1_262_19571185964_59ae36ef73_b.jpg,0.4,0.0,0.4,-0.8,-0.2,0.4,0.0,0.0,0.0,0.0,0.0,0.2
farm1_257_20159838312_a4c3cc7a8f_b.jpg,0.3,0.0,0.0,-0.8,0.0,0.2,0.0,-0.8,0.2,-0.2,0.0,-0.4
farm1_542_20092817185_c65c03f83e_b.jpg,0.5,-0.4,0.2,0.4,0.0,0.2,0.0,-0.8,0.0,-0.2,0.0,0.4
farm1_375_20160558532_57bf4a38fd_b.jpg,0.5,-0.2,0.2,0.4,-0.4,0.2,0.0,-0.2,0.0,-0.2,0.0,0.4
farm1_302_20183364786_c31d844e9b_b.jpg,0.55,0.2,0.4,1.0,0.0,0.0,0.0,0.4,0.0,0.2,0.0,-0.6
farm1_446_19534666023_85990016ff_b.jpg,0.4,0.0,0.4,-0.4,0.0,0.0,0.0,-0.8,0.0,-0.2,0.0,0.0
farm1_434_19939286090_b7f01f79df_b.jpg,0.7,0.2,-0.2,0.2,0.2,0.0,0.0,0.8,0.0,0.4,0.0,0.4
farm1_321_20135152636_d047c15d8f_b.jpg,0.6,0.2,0.4,0.0,0.0,0.0,0.0,-0.4,0.0,-0.2,0.0,0.4
farm1_533_19459582474_3a559cec29_b.jpg,0.4,-0.2,-0.2,-0.6,0.0,0.0,-0.2,-0.4,0.0,0.6,0.0,-0.4
farm1_352_19944786379_d467865c68_b.jpg,0.45,0.0,0.0,0.8,0.0,0.0,0.0,-0.4,0.2,0.2,0.0,-0.4
farm4_3781_20193142501_96cc2eb464_b.jpg,0.6,0.2,0.4,0.6,0.2,0.4,0.0,0.2,0.0,-0.2,0.0,-0.4
farm1_388_20167378545_b5a7632566_b.jpg,0.25,-0.6,0.2,-0.6,0.0,-0.4,0.0,0.2,0.0,-0.4,0.0,0.0
farm1_392_20163532622_b81f985998_b.jpg,0.55,0.2,0.8,1.0,-0.2,0.4,0.0,0.0,0.0,0.2,0.0,0.2
farm1_317_20180638911_a034f248a8_b.jpg,0.65,0.2,0.4,0.8,-0.4,0.2,0.0,-0.2,0.0,0.0,0.0,0.4
farm1_409_20305052606_74507ab11d_b.jpg,0.35,0.0,0.2,-0.2,-0.2,-0.4,0.0,-1.0,0.0,0.0,0.0,0.4
farm1_268_19537846913_68f841a905_b.jpg,0.55,-0.2,0.0,0.0,0.0,0.4,0.0,0.0,0.0,0.2,0.0,0.0
farm1_256_19572485923_d2451e202a_b.jpg,0.8,0.2,0.4,1.0,0.0,-0.2,0.0,0.8,0.0,0.4,0.0,0.0
farm4_3687_20069397836_753ae72de2_b.jpg,0.45,0.0,0.2,-0.6,0.2,-0.8,-0.2,0.6,0.0,-0.2,0.0,-0.6
farm1_263_19649362414_f89df52959_b.jpg,0.5,0.4,0.0,0.4,-0.2,0.0,0.0,0.4,0.0,0.2,0.0,-0.4
farm1_382_20201623511_86be102acf_b.jpg,0.3,0.0,0.4,-0.2,0.2,-0.6,0.0,0.2,0.0,0.0,0.0,-0.4
farm1_291_19564676853_62f297fc0f_b.jpg,0.45,0.0,0.4,0.4,0.2,0.2,0.0,0.2,0.0,0.2,0.0,0.2
farm1_355_20075612779_82d9b13499_b.jpg,0.45,0.2,0.4,0.6,0.0,-0.2,0.0,-0.4,0.0,0.0,0.0,0.2
farm1_269_19542106263_e86f9e21a9_b.jpg,0.5,0.2,0.2,-0.4,-0.2,0.2,0.0,-0.8,0.0,0.0,0.2,0.0
farm1_266_20268480835_afe1bbc4f4_b.jpg,0.75,-0.2,0.4,0.8,-0.2,0.2,0.0,0.4,0.0,-0.2,0.0,-0.2
farm1_396_20089216976_539abf6c66_b.jpg,0.667,0.0,0.5,0.833,0.0,0.167,-0.167,0.0,0.0,-0.333,0.0,0.833
farm1_537_19540391603_87b3e1d188_b.jpg,0.45,0.0,-0.4,0.0,0.0,-0.2,0.0,0.4,0.0,0.2,0.0,0.0
farm4_3724_20266369312_3901e21c49_b.jpg,0.65,0.2,0.6,0.8,0.2,0.0,0.0,0.4,0.0,0.2,0.0,0.6
farm1_371_20186723456_5aed8d72ea_b.jpg,0.4,0.2,0.2,0.2,-0.4,0.4,0.0,-0.6,0.0,-0.4,0.0,0.2
farm1_266_19564737024_65c3ba09f7_b.jpg,0.5,0.2,0.2,0.0,-0.4,0.6,0.0,-0.4,0.0,-0.2,0.0,-0.2
farm1_305_19656568344_b0d93c89fb_b.jpg,0.55,0.2,0.4,0.2,0.0,0.2,0.0,0.6,0.2,-0.2,0.4,-0.6
farm1_359_20079028180_55048e3a5e_b.jpg,0.05,0.0,0.0,-0.8,-0.2,-1.0,-0.2,0.0,0.0,-0.2,0.0,-0.4
farm1_272_20086052660_5d3c6b5ea5_b.jpg,0.8,0.2,0.6,0.6,0.2,0.2,0.0,0.6,0.0,0.2,0.0,0.6
farm1_336_20098788632_935ec08a26_b.jpg,0.8,0.0,1.0,0.4,0.0,0.8,0.0,0.2,0.0,0.2,0.0,1.0
farm1_259_19991817930_f00fc0becd_b.jpg,0.8,0.2,0.4,0.6,0.4,0.2,0.0,0.6,0.0,-0.2,0.0,0.8
farm1_257_20141827896_e426fe0ded_b.jpg,0.35,0.0,0.8,-0.2,0.0,-0.2,0.0,-0.6,0.0,0.0,0.0,0.0
farm4_3769_20189371952_6bd2c8087f_b.jpg,0.65,-0.2,0.0,0.0,-0.2,0.0,0.0,0.2,0.0,0.0,0.0,-0.2
farm1_376_19974758742_aa281c8b81_b.jpg,0.75,0.2,0.2,0.6,1.0,0.0,0.0,0.8,0.0,0.4,0.0,0.0
farm1_307_19641382523_5a4a728ea9_b.jpg,0.45,0.2,0.2,-1.0,0.0,0.0,0.0,0.0,0.0,0.0,0.0,0.0
farm1_430_19939696990_fc2c8b2724_b.jpg,0.45,0.0,0.4,0.2,-0.2,0.2,0.0,0.4,0.2,0.0,0.0,0.0
farm1_318_20283592465_78a2beb0d3_b.jpg,0.4,0.2,0.0,0.6,-0.2,0.0,-0.2,-0.4,0.0,-0.4,0.0,-0.2
farm4_3665_19995687610_02e959e676_b.jpg,0.65,0.4,0.8,0.2,0.2,0.0,0.0,0.6,0.0,0.2,0.0,0.2
farm1_259_20245260546_191b0e8259_b.jpg,0.35,0.0,0.2,-0.2,-0.2,0.2,0.0,-0.8,0.0,0.0,0.0,-0.2
farm1_432_20166893552_a59021f108_b.jpg,0.75,-0.2,0.2,0.6,0.0,0.4,0.0,-0.2,0.2,0.2,0.0,-0.4
farm1_340_20181967825_26ff8ee069_b.jpg,0.65,0.0,0.4,1.0,0.4,0.0,0.0,0.6,0.0,0.0,0.0,0.0
farm1_362_19999514238_ae8ed8fa94_b.jpg,0.75,0.4,0.4,0.8,0.0,0.2,0.0,0.0,0.0,0.6,0.0,0.2
farm1_491_19644339043_07a6ffdeac_b.jpg,0.8,0.4,0.8,0.6,0.4,0.4,0.0,1.0,0.0,0.2,0.0,0.6
farm1_382_19995593479_e6174cd0ae_b.jpg,0.6,0.2,0.0,0.4,-0.2,0.2,0.0,0.2,0.0,-0.2,0.2,0.0
farm1_317_20045393716_a89506e39f_b.jpg,0.85,0.0,0.0,1.0,0.8,0.2,0.0,0.6,0.0,0.0,0.0,0.0
farm1_317_19479967123_abb18a93cc_b.jpg,0.3,0.0,0.0,-0.6,0.2,-0.6,0.0,-0.4,0.0,0.4,0.0,-0.6
farm1_341_20109263891_699d683712_b.jpg,0.65,0.0,0.2,0.4,0.2,0.2,0.0,0.0,0.0,0.2,0.0,0.0
farm1_534_19554317044_d0d84a8525_b.jpg,0.35,0.0,0.4,-1.0,0.0,-0.6,0.0,-0.2,0.0,0.2,0.0,-0.6
farm4_3765_20148726726_b390dbe2a4_b.jpg,0.45,0.0,0.0,0.4,0.2,-0.4,0.0,-0.2,0.0,-0.2,0.0,-0.4
farm1_350_20075616560_59e343ce45_b.jpg,0.6,0.0,0.4,0.4,0.6,0.0,-0.2,-0.2,0.0,-0.2,0.0,0.0
farm1_299_20167007081_da07b73179_b.jpg,0.417,0.0,0.167,-0.167,0.667,-0.167,0.0,0.5,0.0,-0.167,0.0,0.167
farm1_265_20210640135_c179a1caa4_b.jpg,0.45,0.2,-0.2,0.4,0.0,-0.2,0.0,-0.2,0.2,-0.2,0.0,0.2
farm1_383_19891769299_fef53ea634_b.jpg,0.5,0.0,0.4,0.6,-0.2,-0.2,0.0,0.4,0.2,-0.2,0.0,-0.4
farm1_334_19577782914_985ecbff2a_b.jpg,0.25,0.0,0.2,-0.2,0.0,0.0,-0.2,-0.6,0.0,0.0,0.0,0.0
farm1_361_19454624264_7f60b8c8e4_b.jpg,0.6,0.4,0.4,0.2,0.0,0.0,0.2,0.2,0.0,0.0,0.0,-0.2
farm1_432_20186729336_d04f1f6e4b_b.jpg,0.35,-0.2,0.0,0.0,0.2,0.2,0.0,-0.6,0.0,-0.2,0.0,0.2
farm1_437_19952784280_74a23799d9_b.jpg,0.4,-0.2,0.4,-0.4,0.0,0.0,-0.2,-0.8,0.0,0.0,0.0,-0.2
farm1_346_20136605265_4805e58606_b.jpg,0.45,0.0,0.6,0.6,-0.2,0.0,0.0,-0.6,0.0,-0.2,0.0,-0.2
farm1_298_19935481209_6bd59557d3_b.jpg,0.8,0.0,0.4,0.6,0.8,-0.2,0.0,0.6,0.0,0.0,0.0,0.0
farm1_295_20203687575_6b7a3224a2_b.jpg,0.35,-0.2,0.4,-0.8,0.2,0.4,0.0,-0.2,0.0,-0.6,0.2,0.0
farm1_340_19543454204_98ee1dabfc_b.jpg,0.8,0.0,0.6,0.0,0.2,0.2,0.0,1.0,0.0,0.2,0.0,-0.2
farm1_533_19490903673_91a4a71393_b.jpg,0.65,0.0,0.8,0.4,0.0,0.4,0.0,0.2,0.6,0.0,0.0,0.0
farm4_3759_19451453264_8f9e5aa996_b.jpg,0.6,0.0,0.4,1.0,0.0,-0.2,0.0,0.0,0.2,0.0,0.0,0.0
farm1_354_20177273131_86af0d5d0d_b.jpg,0.7,0.6,0.6,0.2,0.2,0.2,0.0,0.0,0.0,0.0,0.0,0.0
farm1_269_20163067605_05b6a4b1a4_b.jpg,0.45,-0.2,0.6,0.2,-0.2,0.0,0.0,0.2,0.0,0.0,0.0,0.2
farm1_448_19709457333_be4c6bb5eb_b.jpg,0.6,0.0,0.6,-0.6,-0.2,0.0,0.0,0.2,0.2,0.0,0.0,0.4
farm1_341_19945700360_5bcb144e2c_b.jpg,0.35,0.0,0.2,1.0,-0.2,-0.8,0.0,-0.8,0.0,-0.4,0.0,-0.2
farm1_327_19985012405_5ab0fb2d97_b.jpg,0.8,0.2,0.6,0.8,0.0,0.2,0.0,0.0,0.0,0.6,0.0,0.4
farm1_341_20111585636_97986fa559_b.jpg,0.4,-0.4,0.0,0.0,0.0,0.0,0.0,-0.2,0.0,-0.2,0.0,0.2
farm1_290_19537544694_3028e3afbb_b.jpg,0.4,0.0,0.2,-0.2,0.0,0.2,0.0,0.4,0.0,-0.2,0.0,-0.4
farm1_330_20100516519_d89f9ac935_b.jpg,0.3,0.2,0.0,-0.6,0.0,-0.8,0.0,-0.8,0.0,0.0,0.0,-0.2
farm1_271_19495680953_80c413b576_b.jpg,0.7,0.0,0.2,1.0,0.6,0.0,0.2,0.4,0.0,0.0,0.0,-0.2
farm1_411_20088348202_a1b3810a37_b.jpg,0.8,0.0,0.4,0.8,1.0,0.2,0.0,0.6,0.0,0.0,0.0,0.4
farm1_300_20153062195_ed834e5bc0_b.jpg,0.6,-0.2,0.0,0.6,0.4,-0.2,0.0,0.8,0.0,-0.4,0.0,0.4
farm1_307_20316483702_7e7064cd88_b.jpg,0.65,0.6,0.4,0.8,0.0,0.4,0.0,0.8,0.0,-0.2,0.0,0.0
farm1_369_19999163170_a4f8b8434f_b.jpg,0.75,0.4,0.2,1.0,0.0,-0.2,0.0,0.4,0.2,0.2,0.4,0.0
farm1_452_19984964028_9b9406d457_b.jpg,0.4,-0.4,0.4,0.4,0.0,-0.4,0.0,0.2,0.0,0.0,0.0,0.0
farm1_330_20171201965_4143c0d6c4_b.jpg,0.3,0.0,0.0,-0.6,-0.2,-0.4,0.0,-0.8,0.0,-0.4,0.2,-0.4
farm1_272_19517466514_f1f32d4280_b.jpg,0.6,0.4,0.2,-0.4,0.0,0.2,0.0,-0.6,0.2,-0.2,0.0,0.4
farm1_459_20264644082_aed2b2e404_b.jpg,0.2,0.0,0.0,-1.0,-0.4,-0.8,-0.4,-0.6,0.0,0.0,0.0,0.0
farm1_378_20162578815_aeb1a3a8d3_b.jpg,0.75,0.6,0.4,0.6,0.0,0.4,0.2,-0.4,0.2,0.6,0.0,0.4
farm1_300_19999370448_15b7ac5d09_b.jpg,0.65,0.2,0.2,0.8,0.0,0.0,0.0,0.2,0.4,0.0,0.4,0.4
farm1_300_20085457995_e39ab936af_b.jpg,0.55,0.2,0.4,0.2,0.0,0.2,0.0,0.0,0.6,0.0,0.0,0.0
farm1_480_20138508805_588439b891_b.jpg,0.45,-0.4,0.0,-0.2,0.0,0.2,0.0,0.2,0.0,0.0,0.0,0.4
farm1_272_20007212809_31b2cd3c3f_b.jpg,0.35,0.0,0.0,0.0,0.0,0.2,0.0,-0.6,0.4,0.2,0.0,-0.6
farm4_3704_19984989050_cdb80b1746_b.jpg,0.5,-0.2,0.0,0.4,-0.2,-0.2,0.0,-0.4,0.2,-0.2,0.0,0.0
farm1_306_20170706135_257c54aa95_b.jpg,0.75,0.4,0.8,0.6,0.0,0.4,0.0,-0.2,0.0,0.4,0.2,-0.2
farm1_393_19998843989_b6a2c89b31_b.jpg,0.3,0.0,0.0,0.4,-0.2,0.0,0.0,-0.4,0.2,-0.2,0.0,-0.4
farm1_365_20247006576_2a497e1100_b.jpg,0.45,-0.4,0.2,0.2,0.0,0.2,0.0,0.0,0.2,0.2,0.0,0.0
farm1_348_20112979945_996805a6a2_b.jpg,0.6,0.2,0.2,0.4,0.2,0.2,0.0,-0.2,0.0,0.2,0.0,-0.4
farm4_3776_20207433221_0aa857845b_b.jpg,0.5,0.0,0.4,0.4,0.0,0.0,0.0,0.0,0.0,0.0,0.0,0.0
farm1_279_20172185906_b4d26d9fe6_b.jpg,0.2,0.0,-0.4,0.4,0.0,-1.0,0.0,-0.4,0.0,0.0,0.0,-0.6
farm1_367_20117026225_6ec029d019_b.jpg,0.5,0.0,0.6,0.6,0.2,0.2,-0.2,-0.2,0.0,-0.2,0.0,0.0
farm1_416_20019276019_6f5b3d50b1_b.jpg,0.55,0.0,0.4,0.6,0.0,0.0,0.0,0.2,0.0,-0.2,0.0,0.4
farm1_514_19579459794_e27bb5d221_b.jpg,0.85,0.0,0.6,0.8,0.0,0.4,0.0,0.8,0.2,0.4,0.2,0.6
farm1_274_20088451048_afa51cb843_b.jpg,0.7,0.6,1.0,0.4,0.2,0.2,0.0,0.0,0.2,0.0,0.0,0.4
farm1_388_19577575334_c704150320_b.jpg,0.65,0.2,0.6,0.0,0.2,0.2,0.0,-0.2,0.0,0.0,0.0,0.4
farm1_392_19530690424_d881a9a396_b.jpg,0.55,0.2,0.8,0.6,0.0,0.0,0.0,0.2,0.2,-0.2,0.0,0.4
farm1_368_20301111316_a33ef62e6b_b.jpg,0.6,0.0,0.2,0.4,0.0,0.2,0.0,0.0,0.2,-0.2,0.4,-0.4
farm1_306_20066875816_565d60621c_b.jpg,0.4,0.0,0.4,0.2,-0.2,0.2,0.0,0.2,0.0,0.2,0.0,0.0
farm1_337_20158277791_9604b19e02_b.jpg,0.6,0.0,0.4,1.0,0.2,0.0,0.0,0.0,0.2,0.2,0.0,-0.2
farm1_299_19984233088_96aa7f255c_b.jpg,0.2,0.0,0.0,-0.4,0.0,-0.4,0.0,-1.0,0.2,-0.2,0.0,-0.4
farm1_387_20085224146_58b83826df_b.jpg,0.5,-0.6,0.2,0.2,0.2,0.2,0.0,0.6,0.0,0.2,0.0,0.4
farm1_449_19969997969_4de56a8fed_b.jpg,0.2,-0.2,-0.4,-0.8,0.0,-0.2,0.0,-0.4,0.0,0.0,0.0,-0.2
farm1_343_20194106175_f26ae0146a_b.jpg,0.25,-0.2,0.2,-1.0,0.0,-0.4,0.0,-0.6,0.0,-0.2,0.0,-0.4
farm1_470_20264803685_0ef45e300e_b.jpg,0.55,0.2,0.4,-0.2,0.2,0.2,0.0,0.6,0.0,0.0,0.0,0.2
farm1_307_20193754175_134a348d4b_b.jpg,0.55,-0.2,0.0,0.6,0.2,0.0,0.0,-0.2,0.0,0.4,0.0,0.0
farm1_540_20008144090_18247da57d_b.jpg,0.45,-0.2,0.0,0.2,0.0,0.2,0.0,0.6,0.0,-0.2,0.0,0.4
farm1_300_19561648704_4b003ceee8_b.jpg,0.917,0.167,0.667,0.833,0.167,0.333,0.0,0.167,0.0,0.167,0.0,0.667
farm1_290_19871832548_03fe46c34c_b.jpg,0.4,0.0,0.4,0.2,0.2,-0.4,0.0,-0.2,0.0,-0.2,0.0,-0.2
farm1_361_19988334969_e2eb38bc7b_b.jpg,0.5,-0.2,0.0,0.2,0.2,0.0,0.0,0.2,0.0,0.0,0.0,0.2
farm1_331_20086665060_6ca9d90ddc_b.jpg,0.35,-0.2,0.2,-0.4,-0.2,-0.2,-0.2,-0.4,0.2,-0.2,0.2,0.2
farm6_5620_20007799198_109d5b6200_b.jpg,0.6,0.0,0.4,0.2,-0.2,0.2,0.0,0.4,0.0,0.4,0.0,0.0
farm1_320_20264886795_4b50a2ed80_b.jpg,0.4,-0.2,0.0,0.4,0.0,0.2,-0.2,-0.8,0.0,-0.2,0.0,-0.2
farm1_294_19488066483_f0416661b4_b.jpg,0.4,0.2,0.4,-0.6,0.0,-0.4,0.0,-0.4,0.2,-0.2,0.2,-0.2
farm1_345_19996437939_7e2bda091d_b.jpg,0.6,0.6,0.4,0.8,0.0,0.2,0.0,0.4,0.2,-0.2,0.0,0.2
farm1_259_20138913875_044aac48c9_b.jpg,0.35,0.0,0.0,-0.4,-0.2,-0.4,0.0,0.0,0.0,-0.4,0.0,0.2
farm1_411_20145526390_bc695ed82a_b.jpg,0.65,0.0,0.4,0.6,0.4,0.4,0.0,0.6,0.0,0.4,0.0,0.0
farm1_268_19810271268_fc2a4785b6_b.jpg,0.6,0.0,0.2,0.6,-0.2,-0.2,0.0,0.8,0.0,-0.2,0.0,0.0
farm1_472_19474991344_a46b000f98_b.jpg,0.7,0.2,0.8,0.8,0.0,0.8,0.0,0.0,0.0,0.0,0.0,0.4
farm1_352_19955138619_4471ebd8ba_b.jpg,0.45,0.0,0.4,0.4,-0.2,-0.2,0.0,0.2,0.0,-0.4,0.0,0.2
farm1_257_20078421665_2f91c4fc1e_b.jpg,0.65,0.0,0.0,1.0,0.0,0.4,0.0,0.4,0.0,-0.2,0.0,1.0
farm4_3787_20320099522_56253b9b9b_b.jpg,0.6,0.0,-0.2,0.8,0.0,0.4,0.0,0.2,0.0,-0.2,0.2,0.4
farm1_321_19478142813_e9e3c656c0_b.jpg,0.7,0.0,0.6,0.4,0.0,0.2,0.0,0.0,0.8,0.0,0.0,0.0
farm1_255_20157430332_09e84d6cde_b.jpg,0.75,0.4,0.8,1.0,0.0,0.2,0.0,0.0,0.0,0.2,0.0,0.0
farm1_395_19556295124_2318f8648e_b.jpg,0.6,0.2,0.2,0.2,0.2,0.2,-0.2,-0.2,0.0,0.0,0.2,0.8
farm1_255_19907767598_8ed2936360_b.jpg,0.5,0.2,0.0,0.6,0.0,0.0,0.0,0.8,0.0,0.0,0.0,0.6
farm1_315_19594453463_e0c535f16d_b.jpg,0.65,0.2,0.8,0.8,0.0,0.4,0.0,-0.2,0.0,0.2,0.0,0.2
farm1_379_19467196644_c1042cd037_b.jpg,0.55,-0.2,0.4,0.0,0.2,0.2,-0.2,0.4,0.0,0.0,0.0,-0.4
farm1_289_19563953633_fbbe2b22f9_b.jpg,0.375,-0.2,-0.2,0.0,-0.2,-0.4,0.0,0.0,0.0,0.0,0.0,0.0
farm1_300_20084518849_9643ac80ff_b.jpg,0.75,-0.2,0.6,0.6,0.2,0.0,-0.2,0.8,0.0,0.2,0.0,0.2
farm1_395_19802673058_822159ab78_b.jpg,0.6,0.6,0.4,0.0,0.0,0.4,0.0,-0.8,0.0,0.2,0.0,0.0
farm1_357_20200619485_bdb5a8c93f_b.jpg,0.7,0.6,0.4,0.8,0.4,0.2,0.0,0.4,0.0,0.0,0.0,0.4
farm1_312_20193393505_be4d085869_b.jpg,0.45,0.0,0.0,0.6,0.0,0.0,0.0,0.0,0.0,-0.2,0.0,-0.2
farm1_440_20199963622_72f728fc15_b.jpg,0.35,-0.4,0.2,-0.2,-0.4,0.2,0.0,-0.6,0.0,-0.6,0.0,0.4
farm4_3718_20167008081_6f84424f13_b.jpg,0.542,-0.167,-0.167,0.333,0.833,0.0,0.0,0.333,0.0,0.167,0.0,0.5
farm1_292_20240226606_e6751c41f1_b.jpg,0.6,0.4,0.6,0.2,0.0,-0.2,0.0,-0.2,0.0,0.2,0.0,1.0
farm1_347_19804818469_fc479a65e9_b.jpg,0.7,0.2,0.2,0.8,-0.2,0.6,-0.2,0.2,0.0,0.4,0.0,0.0
farm1_381_19581773704_7ae56387a8_b.jpg,0.55,0.0,0.4,0.2,0.0,0.2,0.0,0.2,0.0,0.2,0.0,-0.2
farm1_262_20284635125_a84d56df75_b.jpg,0.7,0.0,0.0,0.4,0.2,0.2,0.0,1.0,0.0,0.6,0.0,0.8
farm1_277_20185353721_f40a5dc198_b.jpg,0.65,0.0,0.0,0.2,0.0,0.2,0.0,0.2,0.0,0.2,0.0,0.8
farm1_454_19569438603_0c29eae3da_b.jpg,0.6,0.4,0.0,0.0,0.0,-0.2,0.0,0.8,0.4,0.0,0.0,0.0
farm1_336_20093352251_643d144bfc_b.jpg,0.55,0.2,0.2,1.0,0.2,-0.2,-0.2,0.0,0.0,0.0,0.2,-0.4
farm4_3717_20024994408_5a43041a8a_b.jpg,0.7,0.0,0.2,0.8,0.6,0.4,0.2,-0.4,0.2,0.0,0.0,0.6
farm1_288_20075936271_b1d730b31d_b.jpg,0.25,0.0,0.0,0.4,0.0,0.2,0.0,0.0,0.0,0.0,0.2,-0.2
farm1_397_20263160372_28f9287f12_b.jpg,0.5,0.0,0.4,-0.2,0.0,0.4,0.0,-0.4,0.0,-0.4,0.0,0.0
farm1_262_20249521106_dac1f8e0eb_b.jpg,0.6,0.0,0.0,1.0,-0.2,0.0,-0.2,0.2,0.0,0.0,0.2,0.4
farm1_264_20082267185_9fc1a76e44_b.jpg,0.3,0.0,0.0,0.0,0.0,0.2,-0.2,-0.6,0.0,-0.2,0.0,-0.6
farm1_497_19571550744_0beda316e8_b.jpg,0.5,0.0,0.2,0.4,0.0,0.0,0.0,0.4,0.0,-0.4,0.0,0.0
farm1_375_19567877174_1a57224d1d_b.jpg,0.65,0.0,0.4,0.2,0.4,0.2,0.0,0.6,0.0,0.4,0.0,0.2
farm1_388_20164547516_422a920cd8_b.jpg,0.75,0.0,0.2,1.0,0.0,0.6,0.0,0.6,0.0,0.2,0.0,0.0
farm4_3791_19971970728_38953b578c_b.jpg,0.375,0.0,0.2,0.8,0.0,0.0,0.0,0.4,0.0,0.0,0.2,0.2
farm1_391_19474396164_be92dcb542_b.jpg,0.5,0.2,0.2,0.6,0.0,-0.4,0.0,-0.2,0.0,-0.2,0.0,0.4
farm1_355_19957564346_aa551cb0dd_b.jpg,0.15,0.0,-0.4,-0.6,-0.4,-0.4,0.0,-0.4,0.0,0.0,0.0,-0.8
farm1_270_19879169249_123dcfd28f_b.jpg,0.45,0.0,0.0,0.0,0.4,-1.0,0.0,0.4,0.0,0.2,0.0,-0.2
farm1_258_19956063348_f39eb59661_b.jpg,0.6,0.0,0.4,-0.4,0.0,0.4,-0.2,-0.4,0.0,0.0,0.0,0.6
farm4_3699_20070024955_c2ce48d354_b.jpg,0.35,-0.2,0.0,0.0,0.0,0.0,0.0,0.2,0.0,-0.2,0.0,0.0
farm1_268_20190685101_af7963a4ae_b.jpg,0.625,0.1,0.1,0.0,0.7,0.1,0.0,0.6,0.0,0.3,0.0,0.0
farm1_379_19642184593_b80aeb367b_b.jpg,0.65,-0.2,0.0,-0.4,0.4,0.0,0.0,0.4,0.0,0.2,0.0,0.4
farm1_333_19966994608_ddcfbd68ac_b.jpg,0.45,0.0,0.0,0.6,0.0,-0.6,0.0,0.2,0.0,-0.2,0.2,-0.6
farm1_299_19519115464_77e119cb44_b.jpg,0.4,0.2,0.4,-0.4,-0.4,-0.2,0.0,0.4,0.0,0.0,0.0,-0.4
farm1_305_19570046213_361748dfc0_b.jpg,0.55,0.2,0.4,-0.2,0.0,-0.6,0.0,-0.8,0.0,0.2,0.2,0.0
farm1_544_20168701055_d14613f457_b.jpg,0.35,0.0,0.0,-0.2,-0.4,0.2,-0.2,-0.6,0.2,-0.2,0.0,0.0
farm1_363_19882461220_6b82d12df9_b.jpg,0.5,0.0,0.6,-0.2,0.2,0.0,0.0,-0.2,0.0,0.2,0.0,0.0
farm1_320_20058499542_e19672c89e_b.jpg,0.45,0.0,0.4,-0.2,0.0,0.0,0.0,0.2,0.0,-0.4,0.0,0.0
farm1_351_20275704372_67e458e5c2_b.jpg,0.2,0.0,0.0,-0.6,-0.2,-0.8,0.0,-0.2,0.0,-0.4,0.0,-0.2
farm1_342_20095900168_3335164260_b.jpg,0.6,-0.6,0.4,0.2,0.0,0.0,0.0,0.6,0.0,-0.4,0.0,0.0
farm1_379_19950845219_fe18a435f0_b.jpg,0.6,0.0,0.6,0.6,0.0,0.2,0.0,0.4,0.2,0.2,0.0,0.0
farm1_340_20268965525_033fcdb059_b.jpg,0.45,-0.2,-0.2,0.2,0.2,-0.2,0.2,0.0,0.0,-0.6,0.0,-0.2
farm1_351_20161677202_247609f4b2_b.jpg,0.3,-0.2,-0.2,-0.6,0.0,-0.2,0.0,0.2,0.0,-0.4,0.2,-0.2
farm1_459_20020768558_c26c8e972a_b.jpg,0.45,0.0,0.6,-0.2,0.2,0.2,-0.4,-0.2,0.2,0.4,0.2,0.2
farm1_476_19498751674_c112c74b76_b.jpg,0.5,0.0,0.0,1.0,0.0,0.0,0.0,1.0,0.0,1.0,0.0,0.0
farm1_456_20150163762_0343bb4d6b_b.jpg,0.333,0.0,0.0,-0.333,0.333,-0.5,0.0,-0.167,0.0,0.0,0.0,-0.167
farm1_284_19567235943_687fdef713_b.jpg,0.7,0.4,1.0,0.4,0.0,0.0,0.0,0.4,0.0,0.0,0.0,0.2
farm1_391_20101008431_a97429978c_b.jpg,0.45,0.4,0.0,-0.8,0.0,0.0,0.0,-0.6,0.2,0.2,0.0,0.0
farm1_516_19943274318_8552329c9c_b.jpg,0.6,-0.2,0.6,0.4,0.0,0.2,0.0,1.0,0.0,0.2,0.0,0.0
farm1_327_20090459489_8ac739839e_b.jpg,0.5,0.2,0.4,-0.2,0.0,0.2,0.0,-0.6,0.0,-0.2,0.0,0.6
farm1_342_20022385830_366743c878_b.jpg,0.45,0.2,0.2,0.8,0.2,0.0,0.0,-0.2,0.0,0.0,0.0,-0.2
farm4_3700_20273783871_95d2124099_b.jpg,0.55,0.2,0.6,0.2,0.0,0.2,0.0,-0.2,0.2,0.0,0.2,0.0
farm1_522_19577120074_a0d08149d6_b.jpg,0.6,0.2,0.0,1.0,-0.2,0.2,0.0,-0.2,0.0,0.0,0.0,0.0
farm1_313_20175620321_a10e392d0d_b.jpg,0.65,0.0,0.4,0.6,0.2,0.4,0.0,0.4,0.0,-0.2,0.2,0.4
farm1_335_19653510494_23a95c7ce1_b.jpg,0.75,0.0,0.8,1.0,-0.2,0.8,0.2,0.0,0.0,0.0,0.0,0.2
farm1_331_20204601405_5bf11bfced_b.jpg,0.438,-0.2,0.0,0.8,0.0,-0.4,0.2,0.2,0.0,0.0,0.0,-0.6
farm1_267_20056689616_fd7ff2560c_b.jpg,0.3,-0.2,0.0,-0.8,-0.2,-0.4,0.0,-0.6,0.0,-0.2,0.0,0.0
farm1_313_19477067704_ff20c9d1a7_b.jpg,0.2,-0.6,-0.2,-0.2,0.0,-0.6,0.0,-0.6,0.0,-0.2,0.0,0.0
farm1_304_19980131318_7e90a0ac1d_b.jpg,0.5,-0.6,0.4,1.0,0.2,0.0,0.0,0.0,0.0,0.2,0.0,-0.2
farm1_272_19436266204_3cbc6d9a04_b.jpg,0.4,0.0,0.2,0.4,-0.2,-0.6,0.0,-0.6,0.0,0.0,0.0,-0.6
farm1_394_20192218351_fd7321a6ef_b.jpg,0.5,0.0,0.2,0.8,0.0,-0.2,0.0,0.2,0.4,0.0,0.0,-0.4
farm1_545_19376875783_58ed563165_b.jpg,0.65,0.0,0.0,0.6,0.0,0.4,0.0,0.0,0.8,0.2,0.2,0.2
farm1_290_20258658826_58f018549c_b.jpg,0.85,0.8,0.4,0.8,0.0,0.8,0.2,0.4,0.0,0.6,0.0,0.0
farm1_352_20095940089_90231878dd_b.jpg,0.65,-0.2,0.2,0.2,0.0,0.2,0.0,0.2,0.0,0.4,0.0,0.4
farm1_511_19810567668_e61278e0a7_b.jpg,0.6,-0.2,0.4,-0.2,0.2,0.0,0.0,0.6,0.0,-0.2,0.0,0.2
farm1_368_20017154009_0a3288d814_b.jpg,0.6,0.2,0.0,0.6,-0.2,0.0,0.0,0.4,0.2,0.6,0.0,0.0
farm1_507_19950704348_0d5ca150e9_b.jpg,0.3,0.0,0.2,0.2,-0.8,0.2,0.0,0.2,0.0,0.0,0.2,-0.2
farm1_373_19883560948_ea9569597d_b.jpg,0.4,0.0,0.0,0.6,0.8,0.0,0.0,-0.6,0.0,0.2,0.0,-0.2
farm1_326_20332155975_694e978510_b.jpg,0.85,0.2,0.8,0.6,0.2,0.2,0.0,-0.2,0.0,0.0,0.2,0.4
farm1_297_20272884365_60db2e3614_b.jpg,0.417,0.0,-0.167,0.667,0.0,0.0,0.0,0.667,0.0,-0.333,0.167,-0.333
farm1_328_20179007662_535232ef90_b.jpg,0.65,0.4,0.6,1.0,-0.2,0.4,0.0,0.4,0.0,0.0,0.0,-0.2
farm1_387_20168062825_a64b6643fe_b.jpg,0.5,0.0,0.0,0.2,0.0,-0.2,0.0,0.4,0.0,0.2,0.0,-0.6
farm1_359_20172146046_7fcc356c38_b.jpg,0.35,0.0,0.0,0.2,0.2,-0.2,0.0,0.0,0.0,-0.4,0.0,0.0
farm4_3739_19711269803_ec6a5c8a43_b.jpg,0.55,0.0,0.2,0.2,0.0,-0.2,0.0,0.4,0.0,0.4,0.0,0.2
farm1_519_20246948646_9cbdc64a25_b.jpg,0.5,0.0,0.0,-1.0,0.0,1.0,0.0,-1.0,0.0,0.0,0.0,0.0
farm1_267_20176632425_9fdd93e6f9_b.jpg,0.6,0.333,0.267,0.333,0.133,0.267,0.0,-0.267,0.133,-0.267,0.0,0.333
farm1_367_19552115594_7fff578909_b.jpg,0.5,0.0,0.2,0.2,0.2,0.2,0.0,0.8,0.0,0.2,0.2,-0.4
farm1_312_19574857603_9d1fd1008f_b.jpg,0.4,0.0,0.6,0.4,0.0,0.0,0.0,-0.4,0.0,-0.2,0.0,-0.2
farm1_317_20168914615_8d894d57c5_b.jpg,0.55,0.0,0.6,1.0,-0.2,0.2,-0.4,0.0,0.0,0.0,0.0,0.2
farm1_389_19997144339_da582df08f_b.jpg,0.35,-0.2,0.2,-0.2,0.2,0.0,0.0,0.0,0.0,-0.4,0.0,-0.2
farm1_353_19896165510_7420e29466_b.jpg,0.55,0.0,0.6,0.2,0.4,0.2,0.0,0.0,0.0,0.0,0.0,0.0
farm1_291_19965784800_523da304ee_b.jpg,0.55,0.0,0.8,0.2,0.0,0.2,0.0,-0.2,0.0,0.2,0.0,0.0
farm1_314_19996585618_59147a865f_b.jpg,0.7,0.0,1.0,0.4,0.2,-0.2,0.0,0.4,0.0,0.2,0.2,0.4
farm1_395_20155643555_82c81194c0_b.jpg,0.5,-0.2,0.2,0.0,0.0,0.2,0.0,-0.2,0.0,-0.2,0.0,0.0
farm1_533_20132001266_4c0d0bbe33_b.jpg,0.458,0.0,0.167,0.167,-0.333,0.0,0.0,0.167,0.0,0.167,0.0,-0.167
farm1_271_19988611720_a2f019cf47_b.jpg,0.4,-0.2,0.0,0.2,0.2,0.0,0.0,-0.6,0.0,0.0,0.0,-0.4
farm1_389_20304815146_676b350930_b.jpg,0.5,0.2,0.0,-0.2,0.0,0.4,0.0,0.4,0.0,-0.2,0.0,0.4
farm1_375_20330938741_147f4fbcbd_b.jpg,0.1,0.0,0.0,-0.2,-0.4,-0.2,-0.6,-0.6,0.0,-0.2,0.0,-0.4
farm1_562_19978395810_063d358164_b.jpg,0.75,0.0,0.8,0.6,0.0,0.4,0.0,0.0,0.0,0.2,0.0,1.0
farm1_367_19807764198_0918c28e21_b.jpg,0.35,0.0,0.0,-0.6,0.0,0.2,0.0,0.2,0.0,-0.6,0.0,-0.2
farm1_359_19546554104_4aa7fc5691_b.jpg,0.5,-0.2,0.4,1.0,0.0,0.0,0.0,0.0,0.0,-0.2,0.0,-0.2
farm1_257_19966153546_ec28e5e4c3_b.jpg,0.8,0.4,0.8,0.8,0.8,0.0,0.0,0.8,0.0,0.8,0.0,0.0
farm1_275_20161398062_afca4dfde5_b.jpg,0.25,0.0,0.0,-0.6,0.0,-0.6,0.0,-0.4,0.0,0.0,0.2,-0.4
farm1_304_20199687261_524eae94dc_b.jpg,0.3,-0.2,0.0,0.2,-0.2,0.0,-0.2,0.2,0.0,0.0,0.0,-0.6
farm1_388_20140876698_48a99615ae_b.jpg,0.65,0.0,0.4,0.2,0.0,0.2,0.0,0.0,0.0,0.0,0.0,0.6
farm4_3681_20016400839_dc809bf888_b.jpg,0.6,0.0,0.4,0.8,-0.2,0.2,0.0,0.6,0.0,0.0,0.0,-0.6
farm1_258_20183041346_ccf39786a4_b.jpg,0.312,0.0,0.0,-0.4,0.2,-0.2,0.0,0.0,0.0,0.0,0.0,-0.2
farm1_389_20264125235_b2bce8053b_b.jpg,0.55,0.0,0.0,0.6,0.4,0.6,0.0,0.2,0.0,-0.2,0.0,0.2
farm1_293_20202604655_4fa6333e35_b.jpg,0.75,0.0,0.2,0.8,-0.2,0.2,0.0,0.8,0.0,0.4,0.0,0.6
farm1_294_19507093694_4627179326_b.jpg,0.7,0.2,0.8,0.4,0.4,0.4,0.0,0.2,0.0,0.0,0.0,-0.2
farm1_263_19991748829_7b1e34f8e8_b.jpg,0.1,-0.2,0.0,-0.4,0.0,-0.2,-0.2,-0.2,0.0,-0.6,0.0,-0.8
farm1_268_20251638876_c79aed71f4_b.jpg,0.3,-0.4,0.0,-0.6,0.0,-0.6,0.0,-1.0,0.0,0.0,0.0,-0.2
farm1_374_19584170924_9e74582238_b.jpg,0.4,0.2,0.0,-0.2,0.0,-0.4,0.0,-0.8,0.0,0.2,0.0,-0.8
farm1_341_19572407713_3d76a57d72_b.jpg,0.35,0.4,0.2,0.0,-0.2,0.0,-0.4,-0.8,0.0,-0.2,0.0,-0.4
farm1_373_20191057905_29fc5f6075_b.jpg,0.6,0.2,0.4,0.0,0.0,0.0,0.0,0.6,0.2,-0.2,0.0,-0.4
farm1_331_19657867623_d9cb04e43e_b.jpg,0.35,0.0,0.2,0.0,0.0,-0.2,0.0,-0.8,0.4,0.0,0.0,0.0
farm1_274_20184844792_5a3b9faa1b_b.jpg,0.5,0.2,0.2,0.4,0.0,-0.2,0.0,0.0,0.0,-0.2,0.0,-0.2
farm1_263_20104844835_a27ee134ba_b.jpg,0.7,0.8,0.4,0.6,0.0,0.0,0.0,0.4,0.2,0.2,0.0,0.0
farm1_322_20138430016_1bfed7d3dc_b.jpg,0.65,0.2,0.2,1.0,0.0,0.0,0.0,0.8,0.0,-0.2,0.0,0.8
farm1_393_20133806606_c7e9bf2f00_b.jpg,0.312,0.0,0.2,0.0,-0.4,-0.2,-0.2,-0.4,0.2,-0.4,0.0,0.2
farm1_270_19973827049_65b6cca74a_b.jpg,0.7,0.0,0.2,0.6,0.8,0.2,0.0,0.8,0.0,0.0,0.0,0.0
farm1_451_19584040694_1a036fc8ea_b.jpg,0.7,0.2,0.4,0.8,0.4,0.4,0.2,-0.4,0.0,0.0,0.0,0.0
farm4_3681_19510352273_043a42795a_b.jpg,0.7,0.6,0.4,1.0,-0.2,0.0,0.0,0.2,0.0,0.0,0.0,0.4
farm1_394_20155091426_1b48993336_b.jpg,0.4,-0.2,0.2,-0.6,0.0,0.0,0.0,-0.4,0.0,0.2,0.0,0.2
farm1_299_19983803089_4eb1d61d2d_b.jpg,0.35,0.0,0.2,0.4,-0.4,-0.2,0.0,-0.8,0.2,-0.4,0.0,0.0
farm1_391_19981235600_4c3d18a287_b.jpg,0.55,0.0,0.2,0.2,0.2,-0.2,0.0,-0.2,0.8,0.2,0.0,0.4
farm1_500_20206798225_8db9e3fd59_b.jpg,0.75,0.4,0.2,0.4,0.0,0.6,0.0,-0.2,0.0,0.4,0.0,0.6
farm1_259_20197542932_0c972d81f5_b.jpg,0.5,0.2,0.4,0.0,0.0,0.0,0.0,0.4,0.0,0.0,0.0,0.4
farm1_562_20014741538_2fd03b0e0a_b.jpg,0.75,0.2,0.4,0.8,0.8,0.0,0.0,0.6,0.0,0.0,0.0,0.2
farm1_517_19576673843_b37806d694_b.jpg,0.35,0.0,0.0,-0.8,-0.2,-0.4,-0.2,-0.2,0.0,-0.2,0.0,-0.2
farm1_554_20165748496_679c9ffe8c_b.jpg,0.3,0.0,-0.2,-0.6,0.0,0.0,0.0,0.0,0.0,-0.4,0.0,-0.8
farm1_521_20198345802_0802c4cf1c_b.jpg,0.4,0.0,0.2,0.6,-0.2,0.0,0.0,0.2,0.0,-0.2,0.0,-0.4
farm1_306_20180647901_9a3ed338b4_b.jpg,0.65,0.2,0.6,0.4,0.0,0.2,0.0,0.2,0.0,-0.2,0.0,1.0
farm1_375_20165368002_c902d80a20_b.jpg,0.4,0.0,0.6,0.2,0.2,-0.2,0.0,-0.2,0.0,-0.2,0.0,-0.6
farm1_360_20079111996_691bd59136_b.jpg,0.55,-0.2,0.4,0.6,0.0,0.0,0.0,0.2,0.2,0.0,0.2,0.2
farm1_279_20176431046_959a554a28_b.jpg,0.55,0.2,0.8,0.0,0.0,-0.2,0.0,-0.6,0.0,0.0,0.0,-0.2
farm1_390_20190327682_76692c784a_b.jpg,0.45,0.0,0.6,0.6,0.0,0.4,0.0,-0.2,0.0,-0.4,0.0,0.0
farm1_262_20162698371_e8d53717a2_b.jpg,0.4,0.2,0.6,-0.2,0.0,-0.2,0.0,0.0,0.0,0.0,0.0,-1.0
farm1_274_19987017540_5e3816e46c_b.jpg,0.5,0.4,0.6,0.2,0.0,0.4,0.0,-0.2,0.0,-0.4,0.0,0.0
farm1_279_20092644445_4db5f2e694_b.jpg,0.4,0.0,0.0,-1.0,0.0,-0.2,0.0,-0.6,0.2,-0.2,0.0,0.0
farm1_484_20154880246_d80e713291_b.jpg,0.7,0.0,0.8,0.6,0.0,0.6,0.0,0.8,0.0,0.4,0.0,0.4
farm1_384_20104316081_349daa5d00_b.jpg,0.45,0.0,0.0,0.2,-0.4,0.0,0.0,0.8,0.0,-0.2,0.0,0.6
farm1_345_20290477921_8bed1338e9_b.jpg,0.75,0.0,0.6,0.4,0.2,0.0,0.0,0.8,0.0,0.2,0.0,0.2
farm1_382_19918192279_67dd5f87dd_b.jpg,0.25,-0.2,0.4,-0.6,-0.2,0.0,0.0,-0.4,0.0,-0.2,0.0,-0.2
farm1_389_19928461810_638c74a5b0_b.jpg,0.55,-0.2,0.4,0.4,0.0,-0.2,0.0,-0.8,0.2,-0.4,0.0,0.0
farm1_350_19583388013_bcb8c939a3_b.jpg,0.3,0.2,0.2,-0.2,0.0,-0.2,0.0,-0.2,0.0,-0.2,0.0,0.0
farm4_3731_20131650121_f866a38166_b.jpg,0.3,-0.2,0.0,0.0,0.0,-0.4,0.0,0.4,0.0,0.0,0.0,0.0
farm1_420_20169790742_1b3aa193a1_b.jpg,0.45,0.2,0.0,0.2,0.0,-0.4,0.0,0.4,0.0,0.2,0.0,-0.4
farm1_316_20279006821_2ab75201ea_b.jpg,0.35,0.2,0.2,-0.2,-0.2,0.0,0.0,-0.8,0.2,-0.4,0.0,-0.2
farm1_285_19997988060_206910ec21_b.jpg,0.85,0.2,0.8,1.0,0.8,0.0,0.0,1.0,0.0,0.0,0.0,0.4
farm1_320_20117899735_252ee03aa4_b.jpg,0.4,-0.2,0.4,0.2,0.0,-0.6,0.0,0.6,0.0,-0.2,0.0,-0.4
farm1_380_20157934186_1e1d5af8a1_b.jpg,0.75,0.0,-0.2,0.8,0.6,0.0,0.0,0.6,0.0,0.2,0.0,0.2
farm1_287_19922446859_141d74cf40_b.jpg,0.6,0.2,0.4,0.4,0.0,0.4,-0.4,0.2,0.0,-0.2,0.0,0.4
farm1_294_19883121310_613b48650a_b.jpg,0.4,-0.2,0.4,0.4,-0.2,0.0,-0.4,0.4,0.0,0.0,0.0,-0.4
farm1_310_20214455071_c7fcf1440a_b.jpg,0.55,0.0,0.0,1.0,0.4,0.4,0.0,0.6,0.0,-0.2,0.0,0.2
farm1_543_19585774143_22206a25c2_b.jpg,0.85,0.0,0.8,0.6,0.6,0.4,0.2,0.6,0.0,0.0,0.0,0.2
farm1_262_20178352636_8ba1119703_b.jpg,0.35,0.2,0.0,-0.2,0.0,-0.2,0.0,-0.4,0.0,0.0,0.0,-0.8
farm1_298_20012576638_4d75208480_b.jpg,0.75,0.2,0.4,0.2,0.2,0.4,0.0,0.0,0.2,0.0,0.0,0.8
farm1_335_20238625506_6a4a262663_b.jpg,0.3,-0.6,0.2,-0.2,0.0,-0.4,0.0,-0.4,0.0,-0.2,0.0,-0.2
farm1_368_20171551695_27d19f3fed_b.jpg,0.65,0.0,0.4,0.8,0.2,0.4,0.0,0.4,0.0,0.0,0.0,0.0
farm1_282_20263115322_dd66563c65_b.jpg,0.35,-0.2,0.2,-0.6,0.0,0.0,0.0,-0.2,0.0,-0.2,0.0,0.6
farm1_339_20023036710_ae43e57f77_b.jpg,0.8,0.4,0.0,0.6,0.6,0.2,0.0,0.0,0.4,0.0,0.0,0.8
farm1_315_20204436725_4276fa3844_b.jpg,0.45,0.2,-0.4,0.8,-0.4,-0.4,0.0,0.4,0.0,0.0,0.0,-0.2
farm1_402_20186695415_eb1cfdb28c_b.jpg,0.45,0.2,0.4,0.2,-0.4,0.0,0.0,-1.0,0.0,0.0,0.0,-0.2
farm1_500_20159060282_9515456238_b.jpg,0.35,0.2,0.2,-0.2,-0.2,-0.6,0.0,0.2,0.0,0.0,0.0,-0.4
farm1_342_19933150230_a78703db22_b.jpg,0.35,0.0,0.2,-0.4,-0.4,-0.4,0.0,0.0,0.0,0.2,0.0,-0.2
farm1_319_19452465424_11520d6069_b.jpg,0.35,-0.2,0.0,0.2,-0.2,0.0,0.0,-0.2,0.2,0.0,0.0,0.0
farm1_344_20097056748_0e09802967_b.jpg,0.25,-0.2,0.2,-0.6,0.0,-0.4,-0.2,-0.4,0.2,-0.4,0.0,0.4
farm1_427_20015015200_48c2eb3ef5_b.jpg,0.85,0.2,0.4,1.0,-0.2,0.6,0.0,0.8,0.0,0.2,0.0,0.0
farm1_293_20101261061_37faef4103_b.jpg,0.6,-0.2,0.4,1.0,0.0,0.0,0.0,0.2,0.0,0.0,0.0,0.0
farm1_343_20097577290_fd6e3d5746_b.jpg,0.85,0.0,0.8,0.6,0.2,0.8,0.2,0.2,0.0,0.0,0.0,0.2
farm1_374_20167048441_99ebf8c7a5_b.jpg,0.4,0.0,0.2,-0.2,0.2,0.0,0.0,0.0,0.2,-0.2,0.0,-0.4
farm1_383_19971876708_4266b50511_b.jpg,0.9,0.4,0.6,1.0,0.0,0.8,0.0,-0.2,0.0,0.2,0.0,0.4
farm1_264_20093659492_364db02a8d_b.jpg,0.65,0.2,0.8,0.0,0.0,0.2,0.0,-0.6,0.2,-0.2,0.0,0.8
farm1_476_20140856416_805c60695c_b.jpg,0.25,-0.4,-0.2,-0.2,-0.4,-0.4,0.0,-0.8,0.0,-0.4,0.0,0.0
farm1_291_20146806556_11b2da1d21_b.jpg,0.2,0.0,-0.2,-0.8,0.2,0.2,0.0,0.0,0.0,-0.2,0.0,-0.4
farm1_363_20201345025_ae0eb08708_b.jpg,0.7,0.2,0.4,1.0,0.4,0.4,0.0,0.6,0.0,0.2,0.0,-0.2
farm1_338_19570245094_205c7d1bb2_b.jpg,0.45,0.2,0.2,-0.2,-0.2,-0.6,0.0,0.2,0.0,0.2,0.0,0.0
farm1_332_20086509062_bd462d279f_b.jpg,0.7,0.2,0.6,0.8,0.4,0.4,-0.2,0.0,0.0,0.4,0.0,0.2
farm1_481_19987499568_2c9307f265_b.jpg,0.6,0.0,0.4,0.4,0.0,-0.2,0.0,0.4,0.0,0.4,0.0,0.4
farm1_262_20236894046_de5f729066_b.jpg,0.25,-0.2,0.0,0.4,0.0,-0.2,0.0,-0.6,0.0,-0.6,0.0,0.0
farm1_340_20176087751_f74c120e20_b.jpg,0.4,0.0,-0.2,0.0,0.0,0.0,0.0,-0.6,0.2,0.0,0.0,0.2
farm1_260_20108111762_b0f4e4d0b0_b.jpg,0.8,0.0,0.2,0.0,1.0,0.6,0.0,0.4,0.0,-0.2,0.0,0.4
farm1_389_19569916923_30d868e921_b.jpg,0.4,0.0,0.4,-0.4,0.2,0.0,0.0,0.4,0.0,-0.2,0.0,-0.4
farm1_423_19460358423_ac899734a4_b.jpg,0.65,0.0,0.2,-0.2,1.0,0.2,0.0,-0.2,0.0,0.0,0.0,0.2
farm1_460_20020756170_cafc54f5cd_b.jpg,0.458,0.0,0.0,0.333,0.0,0.0,0.0,0.5,0.0,0.0,0.0,-0.167
farm1_255_19924400869_73b1404107_b.jpg,0.55,0.0,-0.2,0.4,0.0,-0.2,0.0,0.6,0.0,0.0,0.0,-0.8
farm1_367_19796793149_59a7ffd1a2_b.jpg,0.75,0.0,0.8,1.0,0.2,0.2,0.0,0.4,0.0,0.2,0.0,0.2
farm1_356_20101364432_5d55f405a2_b.jpg,0.65,-0.2,0.6,0.0,0.2,0.2,0.0,1.0,0.0,-0.6,0.0,0.2
farm1_415_19991367100_c84b5aa5cd_b.jpg,0.3,-0.2,-0.2,0.0,0.0,-0.2,0.0,-0.4,0.0,-0.2,0.0,-0.2
farm1_384_20095799096_16d8696589_b.jpg,0.55,-0.4,0.4,0.2,0.0,0.2,0.0,-0.4,0.0,0.2,0.0,0.2
farm1_299_20025585580_a6ddb7b0de_b.jpg,0.45,-0.2,0.4,0.2,0.0,-0.2,0.0,-0.4,0.0,-0.2,0.0,0.4
farm1_386_19986825930_07b7cf8248_b.jpg,0.6,0.2,0.4,0.6,0.2,0.2,0.0,0.0,0.0,0.0,0.0,0.2
farm1_316_19469648224_88fb5c4205_b.jpg,0.55,0.0,-0.2,1.0,0.0,-0.2,0.0,0.2,0.0,0.0,0.0,-0.2
farm1_311_20072036825_2d4063ea68_b.jpg,0.5,0.0,0.2,0.4,0.0,0.6,0.0,0.2,0.0,0.2,0.0,0.2
farm1_420_19989050731_27159d4ab8_b.jpg,0.55,0.0,0.4,0.6,-0.2,-0.2,0.0,-0.4,0.0,0.0,0.0,0.8
farm1_333_20261774532_37ca5ca97a_b.jpg,0.6,0.2,0.4,0.2,0.0,0.4,0.0,0.2,0.0,0.0,0.0,0.2
farm1_274_20203057831_a2ca9d404e_b.jpg,0.375,0.0,0.1,0.0,-0.1,-0.3,0.0,0.1,0.0,-0.2,0.0,-0.2
farm1_288_20138397778_1eeb21e677_b.jpg,0.5,0.0,0.6,-0.8,0.2,0.0,0.0,-0.4,0.0,0.0,0.0,-0.2
farm1_358_19974445150_52d3d44bfe_b.jpg,0.8,0.2,0.8,0.4,0.2,0.2,0.0,-0.2,0.0,0.0,0.0,0.6
farm1_469_19489389723_09895c01f1_b.jpg,0.85,0.0,0.2,1.0,0.6,0.2,0.0,0.6,0.0,0.2,0.0,0.4
farm1_313_20245284746_05e9058eca_b.jpg,0.45,0.2,0.2,0.0,0.2,-0.2,0.0,0.6,0.0,0.0,0.0,-0.4
farm1_374_19662801893_5fd6c5cf3e_b.jpg,0.6,0.2,0.2,1.0,0.0,-0.2,0.0,0.4,0.0,0.4,0.2,-0.4
farm1_358_19916813979_d34f9dfd81_b.jpg,0.75,0.4,0.4,0.8,-0.2,0.0,0.0,0.2,0.2,-0.2,0.0,0.4
farm1_458_20166870242_c40a62bb6c_b.jpg,0.6,0.4,0.4,0.4,0.0,0.6,0.0,0.6,0.0,0.2,0.0,0.4
farm1_359_20076326396_c68a13162f_b.jpg,0.6,0.2,0.4,0.0,0.0,0.0,0.4,0.0,0.8,0.0,0.0,0.0
farm1_344_19650145804_a83595952d_b.jpg,0.6,0.0,0.4,1.0,0.2,0.4,0.0,-0.2,0.0,-0.6,0.0,0.2
farm1_318_20078179365_75033b4640_b.jpg,0.5,0.6,0.6,-0.4,0.0,0.0,0.0,-0.6,0.0,0.0,0.0,-0.2
farm1_492_20189376641_3a9039f6c3_b.jpg,0.4,-0.2,0.0,0.4,0.0,-0.4,0.0,-0.6,0.0,0.2,0.0,0.4
farm1_315_20016565858_2c400360b8_b.jpg,0.062,0.2,-0.4,-0.6,-0.6,-0.4,-0.4,-0.2,0.0,0.2,0.0,-0.6
farm1_500_20003473999_4ff7c6dda0_b.jpg,0.15,0.0,-0.2,0.2,-0.4,-0.8,0.0,0.4,0.0,0.2,0.0,-0.8
farm1_522_20162962201_dc40f0260a_b.jpg,0.75,0.0,0.8,0.4,0.0,0.2,0.0,0.4,0.0,0.0,0.0,0.4
farm1_301_20180157616_8b9f95f773_b.jpg,0.55,0.2,0.4,0.0,0.4,0.2,0.0,0.4,0.2,0.0,0.0,-0.2
farm1_369_19659438014_1545bd7f5a_b.jpg,0.4,0.2,0.2,-0.4,-0.2,0.2,0.2,-0.2,0.0,0.4,0.0,0.0
farm1_392_19561367224_130222cde8_b.jpg,0.05,0.0,-0.2,-1.0,0.0,-0.8,0.0,-1.0,0.0,0.0,0.0,-0.8
farm1_333_20193969612_919e2c9857_b.jpg,0.4,-0.2,0.2,-0.2,0.0,-0.2,0.0,-0.2,0.0,0.0,0.0,-0.6
farm1_443_19949239358_bbc608214f_b.jpg,0.45,0.6,0.2,0.2,-0.4,0.0,-0.2,-0.4,0.2,0.0,0.2,-0.2
farm1_457_20109653736_f1c970b9f8_b.jpg,0.055,-0.2,0.1,-0.4,-0.1,0.1,0.0,-0.3,0.0,0.0,0.0,0.0
farm4_3680_20129641241_94d6c5bcb8_b.jpg,0.65,-0.2,0.4,0.4,0.2,0.0,0.0,0.2,0.0,-0.4,0.0,0.6
farm1_333_19520575253_464db16497_b.jpg,0.3,0.0,-0.2,-0.4,-0.2,-0.6,0.0,0.4,0.0,0.0,0.0,-0.2
farm1_319_20212844885_0589d7c25f_b.jpg,0.7,0.4,0.2,0.2,0.2,0.0,0.0,0.0,0.0,0.2,0.0,0.6
farm1_353_19663628304_7140c406e0_b.jpg,0.4,0.0,-0.2,-0.4,0.2,0.0,0.0,-0.6,0.2,0.2,0.0,-0.8
farm1_264_19649660304_10a33514e1_b.jpg,0.45,0.2,0.8,0.4,0.0,0.0,0.0,0.0,0.4,-0.2,0.0,0.2
farm1_377_20179731135_369d439c5c_b.jpg,0.35,-0.2,0.2,0.0,0.0,-0.2,0.0,-0.2,0.0,-0.4,0.0,-0.8
farm1_330_20044039296_328e002c66_b.jpg,0.6,0.2,0.2,0.6,0.4,0.0,0.0,0.6,0.0,0.0,0.0,-0.4
farm1_369_20010494660_da917a6d9c_b.jpg,0.55,0.2,0.2,0.6,0.0,0.2,0.0,0.8,0.0,-0.2,0.0,-0.2
farm4_3747_20150487562_e5683def63_b.jpg,0.8,0.4,0.6,0.6,0.0,0.2,0.0,0.6,0.0,0.2,0.0,0.2
farm1_346_19962212206_fd6eee5eda_b.jpg,0.45,0.2,0.2,0.6,-0.2,0.2,0.0,0.0,0.2,0.0,0.0,0.2
farm1_348_19567336524_f4dffb8b05_b.jpg,0.55,0.2,0.4,0.6,0.0,0.0,0.0,-0.6,0.0,0.0,0.0,-0.2
farm1_323_19533454653_95e8d26a18_b.jpg,0.4,0.0,0.2,0.4,0.0,-0.2,0.0,-0.6,0.0,0.2,0.0,0.4
farm1_287_19904511410_9b3947a570_b.jpg,0.4,-0.2,0.2,0.2,-0.2,-0.4,0.0,-0.2,0.0,-0.4,0.0,-0.2
farm1_294_19574301283_f3518fcb87_b.jpg,0.25,0.0,0.0,0.0,-0.2,-0.6,0.0,-0.4,0.0,-0.2,0.0,-0.6
farm1_385_19468660174_e732497103_b.jpg,0.3,0.0,0.0,-0.8,-0.2,0.6,0.0,-0.8,0.0,-0.2,0.0,-0.4
farm1_377_20070078531_f1cdcf7b04_b.jpg,0.6,0.0,0.2,0.8,0.0,0.8,-0.2,0.2,0.0,0.0,0.0,0.0
farm1_439_19880252479_9c1ce624c6_b.jpg,0.7,0.0,0.0,1.0,0.0,0.6,0.0,1.0,0.0,0.2,0.0,0.4
farm1_269_19497761613_41c4bc4f7b_b.jpg,0.3,-0.2,0.4,0.0,0.0,-0.4,0.0,-0.6,0.0,-0.2,0.2,-0.2
farm1_294_19890160010_da881663b4_b.jpg,0.45,-0.2,-0.2,0.2,0.0,0.0,0.0,0.0,0.0,0.0,0.0,-0.2
farm1_273_19908898368_4e10394695_b.jpg,0.8,-0.2,0.0,0.8,0.2,0.6,0.2,0.4,0.2,0.2,0.0,0.4
farm1_259_19950628199_d9cd95ca71_b.jpg,0.6,0.0,0.0,0.8,0.0,-0.2,0.0,0.8,0.0,0.0,0.0,-0.2
farm1_407_19947246798_155bdecf49_b.jpg,0.65,0.8,0.2,1.0,-0.2,-0.2,0.0,0.4,0.2,0.2,0.0,0.0
farm1_550_19993595900_72dd850018_b.jpg,0.6,0.0,0.2,0.0,0.6,0.2,0.0,0.8,0.0,0.2,0.0,0.4
farm1_320_19499174433_3e7f1b3bef_b.jpg,0.55,0.0,0.0,0.6,-0.2,0.0,0.0,0.4,0.0,0.0,0.0,-0.2
farm1_261_20006720370_5ba7376351_b.jpg,0.7,0.0,0.6,0.8,-0.2,0.2,0.0,0.4,0.0,0.2,0.0,0.0
farm1_318_19944136678_1843b3d772_b.jpg,0.65,0.2,0.4,1.0,0.0,0.6,0.0,0.2,0.2,0.0,0.0,0.0
farm1_382_19964351486_4133722914_b.jpg,0.625,0.5,0.333,0.833,0.167,-0.333,0.0,0.5,0.167,0.167,0.0,-0.167
farm1_334_20117622431_7cd507044b_b.jpg,0.45,0.2,0.4,0.6,0.0,0.0,0.0,0.4,0.0,-0.2,0.0,-0.4
farm1_289_19914681979_eb22116336_b.jpg,0.5,0.4,0.4,0.4,0.2,-0.2,0.0,-0.4,0.0,0.2,0.0,0.2
farm4_3804_20083046639_e3f9b1c489_b.jpg,0.45,0.0,0.0,0.6,0.0,-0.2,0.0,-0.4,0.0,0.2,0.2,0.6
farm1_263_19958424156_41dd0cb39d_b.jpg,0.7,0.0,0.4,0.4,0.2,0.2,0.0,0.6,0.0,-0.2,0.0,0.6
farm1_378_19362497554_7ccb5a6527_b.jpg,0.6,0.2,0.6,0.6,0.0,0.0,0.0,0.0,0.0,-0.2,0.0,0.0
farm1_479_19923153949_5eecff074a_b.jpg,0.7,-0.2,0.2,0.6,0.0,0.0,0.0,0.4,0.0,-0.2,0.0,-0.2
farm1_376_19521587564_8d4a760dc0_b.jpg,0.75,0.2,0.6,1.0,0.0,0.4,0.0,0.2,0.2,0.2,0.2,0.4
farm4_3810_19646778064_b423aeb5b2_b.jpg,0.45,0.0,0.4,0.2,-0.2,0.2,0.0,0.0,0.0,-0.4,0.0,-0.2
farm4_3789_20086655830_e41a9d259d_b.jpg,0.85,0.2,0.8,0.6,0.6,0.4,0.0,0.8,0.0,0.2,0.0,0.4
farm1_356_19470191793_0cbeb0f3b2_b.jpg,0.5,-0.2,0.6,1.0,0.0,0.4,0.0,-0.6,0.2,-0.2,0.0,0.4
farm1_310_20171945476_a522656293_b.jpg,0.583,0.167,-0.167,1.0,0.0,-0.333,0.0,0.333,0.0,0.333,0.0,0.167
farm1_371_20076708991_07a310ce47_b.jpg,0.3,0.0,0.2,-0.4,0.0,-0.2,0.0,0.2,0.0,0.2,0.0,-0.6
farm1_271_20276097245_a0b749b652_b.jpg,0.7,0.2,0.0,0.6,0.8,0.2,-0.2,0.8,0.0,0.0,0.0,0.4
farm1_330_19544466954_e20201fee7_b.jpg,0.312,-0.2,-0.4,0.0,-0.4,-0.4,-0.4,0.0,0.0,0.2,0.0,0.2
farm1_363_19971673896_4348bc6de2_b.jpg,0.55,0.0,0.0,-0.4,0.6,0.0,0.0,0.4,0.0,0.2,0.0,-0.4
farm1_283_20199147622_efc491a913_b.jpg,0.25,-0.2,-0.2,0.0,-0.6,-0.4,-0.2,0.0,0.0,-0.4,0.0,0.0
farm1_313_19529972404_02a4d04b2a_b.jpg,0.35,0.0,0.4,0.0,-0.4,-0.2,0.0,-0.2,0.0,0.0,0.0,0.0
farm1_270_20140296249_37df2a0dd1_b.jpg,0.4,0.0,0.2,0.0,-0.4,-0.2,0.0,0.2,0.2,0.0,0.0,-0.2
farm1_414_20189806371_b841d8fcbd_b.jpg,0.7,0.0,0.4,1.0,0.2,0.6,0.0,0.8,0.0,0.0,0.0,0.2
farm1_552_20073146762_09263a3c6a_b.jpg,0.45,0.2,0.0,-0.4,0.2,0.4,0.0,0.6,0.0,-0.2,0.0,0.2
farm1_416_19443108974_20cdfca2d2_b.jpg,0.6,-0.2,0.4,0.4,0.0,-0.2,0.0,0.0,0.0,0.4,0.0,-0.2
farm1_457_19553326643_cf5a550b78_b.jpg,0.5,0.0,0.2,0.0,-0.4,0.0,0.0,0.4,0.0,0.0,0.0,0.0
farm1_347_19657069024_522e022970_b.jpg,0.35,0.2,0.2,0.2,-0.2,0.2,0.0,-1.0,0.2,-0.2,0.0,-0.2
farm1_497_19923338919_7d864ab296_b.jpg,0.45,0.0,0.2,-0.4,0.2,0.0,0.0,-0.4,0.0,-0.2,0.0,0.2
farm1_377_19927436448_448bbc5a4b_b.jpg,0.7,0.0,0.2,0.6,0.8,0.2,0.0,0.4,0.0,0.0,0.0,0.2
farm1_260_20076932698_8d01bac156_b.jpg,0.4,0.0,-0.2,-0.2,0.0,0.2,0.0,-0.4,0.0,0.0,0.0,-0.2
farm1_290_19366411683_b56ddc2006_b.jpg,0.5,0.0,0.8,0.2,0.0,0.4,0.0,-0.4,0.0,0.0,0.0,0.0
farm1_463_20191627861_02a28876a8_b.jpg,0.5,0.2,0.2,0.2,0.0,0.0,0.0,-0.6,0.2,0.0,0.0,-0.4
farm1_531_20146135296_8ff6b3ac2c_b.jpg,0.75,0.0,1.0,-1.0,0.0,0.0,0.0,0.0,0.0,1.0,0.0,0.0
farm1_308_20088804202_c9b6174eb2_b.jpg,0.188,0.0,0.0,-0.4,0.0,0.0,0.0,0.0,0.0,-0.4,0.0,-0.4
farm1_428_20126180541_3c2f2650d8_b.jpg,0.5,-0.4,-0.2,0.0,-0.2,0.0,0.0,0.4,0.2,-0.2,0.0,0.4
farm1_286_19998340455_4629caa4ca_b.jpg,1.0,0.0,0.4,0.8,1.0,0.4,0.0,0.8,0.0,0.0,0.2,0.2
farm1_373_20180873831_758f5266f7_b.jpg,0.7,0.0,0.4,0.8,0.4,0.6,0.0,0.6,0.0,0.0,0.0,0.4
farm1_364_20068120905_1ced0ffd32_b.jpg,0.25,0.0,0.0,-0.8,0.0,-0.6,0.0,-0.2,0.0,-0.2,0.0,-0.2
farm1_301_19986997808_71789941de_b.jpg,0.45,0.4,0.4,0.0,-0.4,0.0,0.0,0.4,0.2,0.0,0.0,0.0
farm1_403_19897270139_1f67823b2c_b.jpg,0.188,0.0,0.0,0.0,-0.6,-0.4,0.0,-0.4,0.0,0.0,0.0,-0.2
farm1_308_20283751931_ab0aa7eca9_b.jpg,0.55,-0.2,0.0,-0.6,0.0,-0.6,0.0,1.0,0.0,-0.2,0.8,-0.2
farm1_365_19951646330_40745bf105_b.jpg,0.25,-0.2,0.0,-0.6,0.0,0.2,0.0,-0.6,0.0,-0.4,0.0,-0.6
farm1_295_20334595271_7de6a777b7_b.jpg,0.65,0.0,0.2,0.4,0.0,0.2,0.4,0.0,0.4,0.0,0.0,0.2
farm1_360_20202643725_410c7cc323_b.jpg,0.7,0.2,0.4,0.6,0.4,-0.2,0.0,0.8,0.0,-0.2,0.2,-0.2
farm1_436_19558342204_83f4fd26b7_b.jpg,0.55,0.2,0.2,1.0,0.2,0.2,-0.2,0.4,0.2,-0.2,0.2,0.4
farm1_271_20281497901_bd3ae14ae1_b.jpg,0.35,0.0,-0.2,0.6,0.2,0.2,0.0,0.0,0.0,-0.4,0.0,-0.6
farm1_311_20087303505_c71a8fd93e_b.jpg,0.8,0.2,0.6,0.8,1.0,0.4,0.0,1.0,0.0,0.2,0.0,0.2
farm1_382_20078470410_2f16ddf47d_b.jpg,0.4,-0.2,0.4,0.4,0.0,-0.2,0.0,-0.4,0.0,0.2,0.0,0.0
farm1_386_19993405610_5c2cc28b59_b.jpg,0.5,0.2,0.0,0.2,0.2,0.2,-0.2,-0.4,0.4,0.0,0.0,-0.2
farm1_361_20196596661_0f12b5eb80_b.jpg,0.55,0.0,0.4,0.4,0.2,0.2,0.0,0.2,0.0,0.2,0.0,0.0
farm1_261_19943867858_99c1bc615f_b.jpg,0.65,0.2,0.6,0.8,0.2,0.0,0.0,0.0,0.0,0.2,0.2,0.4
farm1_478_19990874739_12d487010f_b.jpg,0.15,-0.4,-0.2,-0.6,0.0,-0.2,0.0,-0.8,0.0,0.2,0.0,-0.6
farm1_262_20175426302_d85a79d75d_b.jpg,0.45,0.0,0.2,-0.8,0.0,0.2,0.0,0.4,0.0,0.2,0.0,0.0
farm1_492_20271119111_41a7caa96d_b.jpg,0.6,0.0,0.4,0.4,0.6,0.0,0.0,0.6,0.0,-0.4,0.0,0.0
farm1_498_19793547940_b95beb2237_b.jpg,0.55,0.2,0.4,0.4,0.2,0.0,0.0,0.4,0.0,0.0,0.0,0.6
farm1_410_20265002442_e059c04352_b.jpg,0.188,0.2,0.2,0.6,0.0,0.0,0.0,0.0,0.0,0.4,0.0,0.0
farm1_268_20154447872_090a4c8ed1_b.jpg,0.8,0.0,0.2,0.6,0.6,0.2,0.0,1.0,0.0,0.0,0.0,0.6
farm4_3830_19945325350_50d88e9e5a_b.jpg,0.4,0.2,-0.2,0.2,-0.4,-0.4,0.0,0.2,0.0,-0.2,0.0,-0.4
farm1_383_19579135273_de78eb0275_b.jpg,0.125,-0.2,0.0,-0.6,-0.2,-0.4,0.0,-0.2,0.0,0.0,0.0,-0.2
farm1_486_19370590394_1b9b133685_b.jpg,0.6,0.0,0.4,0.4,0.4,0.4,0.0,0.6,0.0,0.2,0.0,0.0
farm4_3805_20144799169_0de1c6e4f9_b.jpg,0.65,-0.2,0.8,0.2,0.6,-0.2,0.0,0.6,0.0,-0.4,0.2,0.4
farm1_268_20194379455_e70c55a245_b.jpg,0.062,0.0,-0.2,0.4,0.0,-0.4,-0.6,-0.2,0.0,-0.2,0.0,-0.2
farm1_413_19939690020_50c51ebf01_b.jpg,0.45,0.6,0.2,0.0,-0.2,0.0,0.0,-0.8,0.2,0.0,0.0,-0.2
farm1_371_20176622541_b3a26b45c0_b.jpg,0.2,0.0,0.2,-0.2,0.0,-0.6,0.0,-1.0,0.0,-0.4,0.0,-0.2
farm1_307_20211730775_b284029e18_b.jpg,0.0,0.0,0.2,0.2,0.0,0.0,0.0,0.0,0.0,0.0,0.0,-0.2
farm1_276_20080080382_701fd5e421_b.jpg,0.65,0.0,0.4,0.2,-0.2,0.0,0.0,0.6,0.0,0.2,0.0,0.0
farm1_319_20140987191_509ffcbb48_b.jpg,0.7,0.0,0.4,0.8,0.2,0.4,0.0,0.8,0.2,0.2,0.0,0.4
farm1_307_19590432533_f30e9324b0_b.jpg,0.35,0.0,0.0,0.0,0.0,-0.6,0.0,0.0,0.2,0.0,0.0,-0.6
farm1_365_20019411438_ab5df88b64_b.jpg,0.55,0.4,0.6,0.4,0.0,0.0,0.0,0.0,0.0,0.4,0.0,0.0
farm1_373_20257931496_891e3fe618_b.jpg,0.5,0.0,0.0,0.6,0.2,0.0,0.0,-0.4,0.2,0.0,0.0,-0.2
farm1_303_19641972394_a5e775d71b_b.jpg,0.5,0.4,0.4,0.2,0.0,0.2,0.0,-0.6,0.0,0.0,0.0,0.2
farm1_367_20336345811_c74dbc329d_b.jpg,0.35,0.2,0.2,-0.2,0.6,0.2,0.0,0.0,0.0,0.4,0.0,-0.4
farm1_280_20257292656_44b6338904_b.jpg,0.7,0.2,0.6,1.0,0.6,0.4,0.0,0.4,0.0,-0.2,0.2,0.0
farm1_474_19462792034_c8d6372c96_b.jpg,0.6,0.4,0.2,0.6,0.0,0.2,0.0,0.8,0.4,0.0,0.0,0.0
farm1_325_19974509422_019c9a52b0_b.jpg,0.25,0.0,-0.2,-0.4,-0.2,-0.4,-0.2,0.2,0.0,0.2,0.0,-1.0
farm1_336_20205116331_34a7135500_b.jpg,0.438,0.0,0.0,0.4,0.0,-0.2,0.0,0.2,0.0,0.0,0.0,0.6
farm1_315_20174975212_0493c9253a_b.jpg,0.062,0.0,-0.2,-0.4,-0.6,-0.2,-0.2,-0.2,0.0,-0.2,0.0,-0.4
farm1_264_19706948973_b34061bb37_b.jpg,0.55,0.0,0.2,0.0,0.2,0.4,0.0,0.4,0.0,0.0,0.0,0.2
farm4_3768_19924884990_6aa83e8a91_b.jpg,0.35,0.0,-0.2,0.2,0.2,-0.6,0.0,0.0,0.0,0.0,0.0,-0.4
farm1_288_20186039865_2e41e04580_b.jpg,0.5,0.2,0.2,0.2,0.0,0.0,0.0,-0.2,0.0,0.0,0.0,-0.2
farm1_356_20144293485_9d18368bc7_b.jpg,0.45,0.0,0.2,0.0,0.0,0.0,0.0,-0.6,0.4,-0.4,0.0,0.2
farm1_361_20177934482_5abb685bfa_b.jpg,0.65,0.2,0.6,0.4,-0.2,0.6,0.0,0.0,0.0,0.0,0.0,-0.2
farm1_257_20097158419_a29f503880_b.jpg,0.3,0.0,-0.4,-0.2,0.0,-1.0,0.0,-0.4,0.0,0.0,0.0,-0.6
farm1_314_20038748196_489fce5c92_b.jpg,0.5,0.2,0.2,0.2,0.0,0.0,0.0,-0.4,0.0,0.2,0.0,-0.2
farm1_323_19362525824_4c59b8b168_b.jpg,0.5,-0.2,0.2,0.4,-0.2,0.4,0.0,0.6,0.2,0.0,0.0,-0.6
farm1_277_20199447821_03aa50c35c_b.jpg,0.6,0.0,0.0,0.8,-0.2,0.2,0.0,0.6,0.0,0.2,0.0,-0.2
farm1_257_20192602511_8e583c391d_b.jpg,0.6,0.4,0.6,0.8,0.2,-0.2,0.0,0.6,0.0,0.0,0.0,0.0
farm1_280_19549531183_642bb6c355_b.jpg,0.3,0.0,-0.4,-0.2,-0.2,0.0,0.0,0.2,0.0,0.0,0.0,0.0
farm1_309_19563341713_59b8557fff_b.jpg,0.55,-0.2,0.0,-0.2,0.2,0.2,0.0,0.2,0.0,-0.2,0.0,0.2
farm1_439_20292560871_db35195bd1_b.jpg,0.35,0.0,0.0,-0.6,0.2,-0.2,0.0,-0.4,0.0,-0.2,0.0,-0.2
farm1_276_20161072926_677262faea_b.jpg,0.75,0.0,0.6,0.8,0.0,0.0,0.0,0.2,0.0,0.2,0.0,1.0
farm1_545_19971584389_38f1205dd9_b.jpg,0.85,0.0,0.6,0.8,0.6,0.2,0.0,0.8,0.0,0.4,0.0,0.4
farm1_343_20278033952_1a7eeaa445_b.jpg,0.6,0.4,0.6,0.4,0.2,-0.2,0.0,0.4,0.0,0.0,0.0,0.0
farm1_337_19978175008_f4ff86813a_b.jpg,0.6,0.4,0.4,0.4,0.0,0.0,-0.2,0.8,0.0,0.2,0.0,0.0
farm1_396_19551598194_fb5b1d9523_b.jpg,0.85,0.0,0.6,0.6,0.0,0.4,0.0,0.6,0.0,0.4,0.0,0.2
farm1_538_19912236868_ed7e552bd6_b.jpg,0.3,0.0,0.4,-0.2,-0.2,0.2,0.0,-0.4,0.0,0.0,0.0,-0.4
farm1_350_20004526080_c401f97c8e_b.jpg,0.5,-0.2,0.2,0.6,-0.2,-0.2,0.0,0.0,0.4,-0.4,0.0,0.4
farm1_349_19479434563_365576f87c_b.jpg,0.7,0.0,0.8,0.4,0.0,0.6,0.0,1.0,0.0,-0.2,0.0,0.0
farm1_469_20183136736_285d5168b2_b.jpg,0.75,0.4,0.6,0.6,0.2,0.2,0.0,0.8,0.2,0.2,0.0,0.2
farm1_397_20006429689_7447e840b9_b.jpg,0.4,-0.4,0.2,-0.2,-0.4,0.2,-0.4,-0.2,0.0,0.0,0.0,0.4
farm1_290_19991592391_f0ec0f4fd5_b.jpg,0.55,-0.2,0.4,0.6,0.0,-0.2,0.0,0.4,0.0,0.0,0.0,-0.4
farm1_355_20145666190_42aa843713_b.jpg,0.5,-0.2,0.4,0.6,-0.2,0.6,0.0,0.2,0.0,-0.4,0.0,0.2
farm1_276_20143345199_2b78ce673d_b.jpg,0.35,-0.2,0.2,-0.4,0.0,-0.4,0.0,0.2,0.0,0.0,0.0,-0.2
farm1_297_20184569842_07504838e2_b.jpg,0.7,0.0,0.8,0.4,0.0,0.4,0.0,0.0,0.0,0.0,0.0,0.2
farm1_279_20074181456_2cae8af221_b.jpg,0.25,0.2,-0.2,0.2,0.0,-0.2,0.0,-0.4,0.0,0.0,0.0,-0.6
farm1_384_19987267588_11efd9ab73_b.jpg,0.6,0.0,0.0,0.4,0.2,0.0,0.0,0.2,0.4,0.4,0.2,0.4
farm1_391_20096891479_f9eec2bea2_b.jpg,0.6,-0.2,0.2,0.2,0.0,0.2,0.0,0.4,0.0,0.2,0.0,0.0
farm1_476_19978051399_a3da8fdfa3_b.jpg,0.55,0.2,0.2,0.0,0.4,0.2,-0.2,0.6,0.0,0.0,0.0,0.0
farm1_380_19903917420_4419d526b3_b.jpg,0.3,-0.2,0.2,0.0,-0.2,-0.4,0.0,-0.4,0.0,0.0,0.0,-0.6
farm1_281_20274717931_02f67cc6ff_b.jpg,0.6,0.2,0.2,0.2,0.0,0.2,0.0,0.2,0.0,-0.2,0.0,0.6
farm1_334_19998486520_a511062456_b.jpg,0.3,0.2,0.8,-0.6,0.0,-0.2,0.0,0.4,0.0,-0.2,0.0,-0.2
farm4_3788_20148590522_b178fecb6f_b.jpg,0.6,0.2,-0.2,0.8,-0.2,0.2,0.0,0.2,0.4,-0.2,0.0,0.4
farm1_462_20001583669_c00d550e7e_b.jpg,0.6,0.4,0.8,0.6,0.0,0.4,0.0,0.8,0.0,0.2,0.0,0.8
farm1_303_20007338640_9d583cae4a_b.jpg,0.6,-0.2,0.6,0.4,0.0,-0.2,0.0,0.2,0.0,0.2,0.0,0.2
farm6_5621_20175322241_da144869ff_b.jpg,0.65,0.2,0.0,0.6,0.0,0.2,0.0,0.2,0.0,-0.2,0.2,0.4
farm1_362_19571922183_673b85470c_b.jpg,0.45,0.0,0.6,0.0,-0.4,0.0,0.0,0.0,0.2,0.0,0.0,0.2
farm1_317_19989674400_a3a2937366_b.jpg,0.6,0.0,0.0,0.0,0.4,0.0,0.0,0.8,0.0,-0.2,0.0,0.6
farm1_388_20207458715_1481aa0a2a_b.jpg,0.6,0.4,-0.2,0.4,0.0,0.4,0.0,0.2,0.0,0.0,0.0,0.2
farm1_396_20040444326_9773a3a961_b.jpg,0.5,0.0,0.2,0.2,0.2,-0.4,0.0,0.4,0.0,-0.2,0.0,0.0
farm1_273_20281019835_fcb6ba63a4_b.jpg,0.85,0.2,0.6,0.4,0.0,0.4,0.0,0.4,0.0,0.2,0.0,1.0
farm4_3750_19900385348_0434f7756d_b.jpg,0.65,0.0,0.6,0.4,0.0,0.4,0.0,0.2,0.2,0.0,0.0,0.2
farm1_370_20174131845_8135fb553f_b.jpg,0.25,-0.4,-0.2,0.4,-0.2,-0.4,0.0,0.4,0.0,-0.2,0.0,-0.4
farm1_335_20273588101_cb0a36ea6a_b.jpg,0.35,0.0,0.0,0.2,0.2,-0.2,-0.2,0.2,0.0,-0.4,0.0,0.4
farm1_302_19913048930_8dd82d5bbf_b.jpg,0.3,0.0,-0.2,-0.2,-0.4,-0.4,0.0,0.0,0.0,0.0,0.0,-0.4
farm1_518_20155591525_cd7e6262b7_b.jpg,0.0,0.0,0.2,0.2,0.0,0.2,0.0,0.0,0.0,0.0,0.0,0.0
farm4_3749_20206509555_0466b0f868_b.jpg,0.55,0.0,0.2,0.2,0.0,0.0,0.0,0.6,0.2,0.2,0.0,0.4
farm1_373_20116580391_48f6160c3d_b.jpg,0.5,0.2,0.2,0.2,-0.2,-0.4,0.0,0.0,0.0,0.2,0.0,-0.4
farm1_378_19948796239_7b1fe71b8c_b.jpg,0.55,0.2,0.0,0.2,1.0,0.2,0.0,-0.4,0.0,0.2,0.0,-0.2
farm4_3765_19876110500_4e006ab2af_b.jpg,0.0,0.0,0.2,0.0,0.0,0.2,0.0,0.0,0.0,0.0,0.0,0.2
farm1_390_20024959538_31e04a533f_b.jpg,0.5,0.0,0.4,0.2,0.0,0.4,0.0,-0.4,0.2,-0.2,0.2,0.6
farm1_320_20255414752_cfae7e4e44_b.jpg,0.7,0.0,0.6,1.0,0.0,0.6,0.0,0.4,0.0,0.2,0.0,0.0
farm1_311_20261108752_dc2ca99f40_b.jpg,0.45,-0.2,0.2,0.2,-0.2,0.2,0.0,-0.6,0.0,0.0,0.0,-0.2
farm1_337_20082383769_ae84098c73_b.jpg,0.65,0.0,0.4,0.0,0.4,0.2,0.0,0.0,0.0,0.2,0.0,0.0
farm4_3819_20145925848_d9b6924478_b.jpg,0.5,-0.2,-0.2,0.2,0.4,-0.2,0.0,0.6,0.2,-0.6,0.2,0.0
farm1_545_20121191395_0a44c7d5af_b.jpg,0.7,0.0,0.4,0.2,0.4,0.4,0.0,0.6,0.4,-0.2,0.2,0.4
farm1_467_20115649945_789c038be8_b.jpg,0.8,0.0,0.4,1.0,0.6,0.0,0.2,0.8,0.0,-0.2,0.0,0.4
farm1_290_20261690535_b82eba4b4d_b.jpg,0.6,-0.2,-0.2,0.0,0.4,0.0,0.0,1.0,0.0,0.4,0.0,0.8
farm1_448_19362820414_8280ea5a19_b.jpg,0.6,0.0,0.2,0.6,0.6,0.0,0.0,0.6,0.0,-0.2,0.0,0.2
farm1_339_20092548998_9c10884da4_b.jpg,0.4,0.2,0.0,0.2,0.2,0.0,0.0,0.0,0.0,0.0,0.0,-0.6
farm1_362_20004859598_39e0b9c2f8_b.jpg,0.35,-0.2,-0.2,-1.0,-0.2,-0.2,0.4,0.0,0.0,0.2,0.0,0.2
farm1_279_20075305286_d1ecd450da_b.jpg,0.6,0.2,0.6,0.2,0.0,0.2,0.0,-0.4,0.2,0.0,0.0,0.2
farm1_457_19544011164_77b28ae663_b.jpg,0.55,-0.1,0.3,0.3,0.1,0.0,0.0,0.4,0.0,0.2,0.0,-0.1
farm1_353_20174570822_e9d2262b87_b.jpg,0.55,0.2,0.0,0.8,0.2,0.4,0.0,0.6,0.0,0.2,0.0,0.2
farm1_376_20190670851_4d07ca9ae7_b.jpg,0.6,0.6,0.6,0.2,0.0,0.2,0.0,-0.6,0.0,0.0,0.0,-0.2
farm1_341_19890599339_0eb5d5caea_b.jpg,0.35,-0.2,0.2,-0.2,0.0,0.0,0.0,-0.4,0.2,-0.2,0.0,-0.4
farm1_293_20112468116_6b5c4b61a6_b.jpg,0.4,0.0,-0.2,0.4,-0.2,-0.6,0.0,-0.6,0.0,0.2,0.0,-0.2
farm1_394_19951747019_2974f4aac4_b.jpg,0.15,-0.2,0.0,-0.6,-0.2,-0.4,-0.4,-1.0,0.6,0.0,0.0,-0.2
farm1_279_20022682318_3f90964d1f_b.jpg,0.7,0.0,0.6,0.6,0.8,0.2,0.0,0.4,0.2,0.0,0.0,0.6
farm1_373_20025879769_ce02f40c1f_b.jpg,0.5,0.0,0.2,1.0,0.2,-0.4,-0.2,0.0,0.2,0.2,0.0,-0.4
farm1_359_20184018905_d7425355f6_b.jpg,0.4,0.0,0.2,0.2,0.0,0.2,0.0,-0.6,0.0,0.0,0.0,0.2
